Symbol,Series,Security Name,Band,Remarks
21STCENMGM,EQ,21st Century Management Services Limited,2,"-"
3IINFOTECH,EQ,3i Infotech Limited,5,"-"
3PLAND,EQ,3P Land Holdings Limited,5,"-"
3RDROCK,IT,3rd Rock Multimedia Limited,5,"-"
5PAISA,BE,5Paisa Capital Limited,5,"-"
8KMILES,BE,8K Miles Software Services Limited,5,"-"
A2ZINFRA,EQ,A2Z Infra Engineering Limited,5,"-"
AAATECH,ST,Aaa Technologies Limited,5,"-"
AAKASH,EQ,Aakash Exploration Services Limited,5,"-"
AARTIDRUGS,EQ,Aarti Drugs Limited,5,"-"
AARTISURF,BE,Aarti Surfactants Limited,5,"-"
ABINFRA,SM,A B Infrabuild Limited,5,"-"
ABMINTLTD,BE,ABM International Limited,5,"-"
ACCORD,SM,Accord Synergy Limited,5,"-"
ACCURACY,SM,Accuracy Shipping Limited,5,"-"
ACEINTEG,SM,Ace Integrated Solutions Limited,5,"-"
ADANIGREEN,EQ,Adani Green Energy Limited,5,"-"
ADFFOODS,EQ,ADF Foods Limited,5,"-"
ADL,BE,Archidply Decor Limited,5,"-"
ADROITINFO,BE,Adroit Infotech Limited,5,"-"
AFFLE,EQ,Affle (India) Limited,5,"-"
AISL,SM,ANI Integrated Services Limited,5,"-"
AJOONI,SM,Ajooni Biotech Limited,5,"-"
AKASH,BE,Akash Infra Projects Limited,5,"-"
AKSHOPTFBR,EQ,Aksh Optifibre Limited,5,"-"
ALOKINDS,EQ,Alok Industries Limited,5,"-"
ALPA,EQ,Alpa Laboratories Limited,5,"-"
AMJUMBO,SM,A and M Jumbo Bags Limited,5,"-"
ANKITMETAL,BE,Ankit Metal & Power Limited,5,"GSM Stage - 0"
ANSALAPI,EQ,Ansal Properties & Infrastructure Limited,5,"-"
ANSALHSG,EQ,Ansal Housing Limited,5,"-"
ARCOTECH,BE,Arcotech Limited,5,"-"
ARIHANT,EQ,Arihant Foundations & Housing Limited,5,"-"
ARIHANTSUP,EQ,Arihant Superstructures Limited,5,"-"
ARROWGREEN,EQ,Arrow Greentech Limited,5,"-"
ARSHIYA,BE,Arshiya Limited,5,"-"
ARVEE,SM,Arvee Laboratories (India) Limited,5,"-"
ASAL,EQ,Automotive Stampings and Assemblies Limited,5,"-"
ASHAPURMIN,EQ,Ashapura Minechem Limited,5,"-"
ASHIMASYN,BE,Ashima Limited,5,"-"
ASLIND,SM,ASL Industries Limited,5,"-"
ATALREAL,ST,Atal Realtech Limited,5,"-"
ATLASCYCLE,BE,Atlas Cycles (Haryana) Limited,5,"-"
AURDIS,SM,Aurangabad Distillery Limited,5,"-"
AURIONPRO,EQ,Aurionpro Solutions Limited,5,"-"
AUTOIND,EQ,Autoline Industries Limited,5,"-"
AVG,SM,AVG Logistics Limited,5,"-"
BABAFOOD,SM,Baba Agro Food Limited,5,"-"
BAFNAPH,BE,Bafna Pharmaceuticals Limited,5,"-"
BALAXI,BE,BALAXI PHARMACEUTICALS LIMITED,5,"-"
BALLARPUR,BE,Ballarpur Industries Limited,5,"-"
BALPHARMA,BE,Bal Pharma Limited,5,"-"
BANKA,SM,Banka BioLoo Limited,5,"-"
BANSWRAS,EQ,Banswara Syntex Limited,5,"-"
BARTRONICS,BZ,Bartronics India Limited,5,"-"
BCG,EQ,Brightcom Group Limited,5,"-"
BCONCEPTS,SM,Brand Concepts Limited,5,"-"
BDR,IT,BDR Buildcon Limited,5,"-"
BEARDSELL,BE,Beardsell Limited,5,"-"
BEDMUTHA,BE,Bedmutha Industries Limited,5,"-"
BHARATWIRE,EQ,Bharat Wire Ropes Limited,5,"-"
BIGBLOC,BE,Bigbloc Construction Limited,5,"-"
BIL,BE,Bhartiya International Limited,5,"-"
BIOFILCHEM,BE,Biofil Chemicals & Pharmaceuticals Limited,5,"-"
BKMINDST,EQ,Bkm Industries Limited,5,"-"
BLBLIMITED,BE,BLB Limited,5,"-"
BLKASHYAP,BE,B. L. Kashyap and Sons Limited,5,"-"
BLS,EQ,BLS International Services Limited,5,"-"
BLUECOAST,BE,Blue Coast Hotels Limited,5,"GSM Stage - II"
BOHRA,SM,Bohra Industries Limited,5,"-"
BOROLTD,BE,Borosil Limited,5,"-"
BRFL,BE,Bombay Rayon Fashions Limited,5,"-"
BROOKS,BE,Brooks Laboratories Limited,5,"-"
BTML,ST,Bodhi Tree Multimedia Limited,5,"-"
BURNPUR,EQ,Burnpur Cement Limited,5,"GSM Stage - 0"
BUTTERFLY,BE,Butterfly Gandhimathi Appliances Limited,5,"-"
BVCL,BE,Barak Valley Cements Limited,5,"-"
CADSYS,SM,Cadsys (India) Limited,5,"-"
CALSOFT,BE,California Software Company Limited,5,"GSM Stage - I"
CAMLINFINE,EQ,Camlin Fine Sciences Limited,5,"-"
CANDC,BZ,C & C Constructions Limited,5,"GSM Stage - I"
CASTEXTECH,BE,Castex Technologies Limited,5,"GSM Stage - II"
CCCL,BE,Consolidated Construction Consortium Limited,5,"GSM Stage - II"
CGPOWER,EQ,CG Power and Industrial Solutions Limited,5,"-"
CHROMATIC,BE,Chromatic India Limited,5,"-"
CINEVISTA,BE,Cinevista Limited,5,"-"
CKPLEISURE,SM,CKP Leisure Limited,5,"-"
CLEDUCATE,BE,CL Educate Limited,5,"-"
CMMIPL,SM,CMM Infraprojects Limited,5,"-"
CNOVAPETRO,EQ,CIL Nova Petrochemicals Limited,5,"-"
CONTI,SM,Continental Seeds and Chemicals Limited,5,"-"
COUNCODOS,EQ,Country Condo's Limited,5,"-"
COX&KINGS,BZ,Cox & Kings Limited,5,"-"
CREATIVEYE,BE,Creative Eye Limited,5,"-"
CROWN,SM,Crown Lifters Limited,5,"-"
CTE,EQ,Cambridge Technology Enterprises Limited,5,"-"
DCMFINSERV,BE,Dcm Financial Services Limited,5,"-"
DGCONTENT,BE,Digicontent Limited,5,"-"
DHARSUGAR,EQ,Dharani Sugars & Chemicals Limited,5,"GSM Stage - 0"
DHFL,EQ,Dewan Housing Finance Corporation Limited,5,"-"
DIAPOWER,BZ,Diamond Power Infra Ltd,5,"GSM Stage - 0"
DIGISPICE,EQ,DiGiSPICE Technologies Limited,5,"-"
DIGJAMLTD,BZ,Digjam Limited,5,"-"
DNAMEDIA,EQ,Diligent Media Corporation Limited,5,"-"
DQE,EQ,DQ Entertainment (International) Limited,5,"-"
DRL,SM,Dhanuka Realty Limited,5,"-"
DSML,SM,Debock Sales And Marketing Limited,5,"-"
DVL,BE,Dhunseri Ventures Limited,5,"-"
E2E,SM,E2E Networks Limited,5,"-"
EASTSILK,EQ,Eastern Silk Industries Limited,5,"-"
EASUNREYRL,BZ,Easun Reyrolle Limited,5,"-"
EDELWEISS,EQ,Edelweiss Financial Services Limited,5,"-"
EDUCOMP,BZ,Educomp Solutions Limited,5,"GSM Stage - 0"
EKC,BE,Everest Kanto Cylinder Limited,5,"-"
EMAMIREAL,BE,Emami Realty Limited,5,"-"
EMCO,BZ,Emco Limited,5,"GSM Stage - 0"
EMKAYTOOLS,SM,Emkay Taps and Cutting Tools Limited,5,"-"
EROSMEDIA,BE,Eros International Media Limited,5,"-"
ESSARSHPNG,BE,Essar Shipping Limited,5,"-"
EUROMULTI,BE,Euro Multivision Limited,5,"GSM Stage - 0"
EUROTEXIND,EQ,Eurotex Industries and Exports Limited,5,"-"
EXCEL,EQ,Excel Realty N Infra Limited,5,"-"
FCONSUMER,EQ,Future Consumer Limited,5,"-"
FEL,EQ,Future Enterprises Limited,5,"-"
FELDVR,EQ,Future Enterprises Limited,5,"-"
FELIX,SM,Felix Industries Limited,5,"-"
FLEXITUFF,BE,Flexituff Ventures International Limited,5,"-"
FMGOETZE,EQ,Federal-Mogul Goetze (India) Limited.,5,"-"
FMNL,EQ,Future Market Networks Limited,5,"-"
FOCUS,SM,Focus Lighting and Fixtures Limited,5,"-"
FOURTHDIM,SZ,Fourth Dimension Solutions Limited,5,"-"
FSC,EQ,Future Supply Chain Solutions Limited,5,"-"
GAL,BE,Gyscoal Alloys Limited,5,"-"
GANESHHOUC,EQ,Ganesh Housing Corporation Limited,5,"-"
GARDENSILK,BE,Garden Silk Mills Limited,5,"-"
GAYAHWS,BE,Gayatri Highways Limited,5,"-"
GAYAPROJ,EQ,Gayatri Projects Limited,5,"-"
GBGLOBAL,BE,GB Global Limited,5,"GSM Stage - II"
GEEKAYWIRE,BE,Geekay Wires Limited,5,"-"
GENESYS,BE,Genesys International Corporation Limited,5,"-"
GFSTEELS,EQ,Grand Foundry Limited,5,"GSM Stage - I"
GICL,SM,Globe International Carriers Limited,5,"-"
GIRRESORTS,IT,GIR Natureview Resorts Limited,5,"-"
GISOLUTION,BE,GI Engineering Solutions Limited,5,"GSM Stage - II"
GLFL,EQ,Gujarat Lease Financing Limited,5,"-"
GLOBAL,SM,Global Education Limited,5,"-"
GLOBE,EQ,Globe Textiles (India) Limited,5,"-"
GLOBOFFS,BE,Global Offshore Services Limited,5,"GSM Stage - 0"
GMMPFAUDLR,EQ,GMM Pfaudler Limited,5,"-"
GODHA,SM,Godha Cabcon & Insulation Limited,5,"-"
GOENKA,BZ,Goenka Diamond and Jewels Limited,5,"-"
GOKUL,EQ,Gokul Refoils and Solvent Limited,5,"-"
GOLDSTAR,SM,Goldstar Power Limited,5,"-"
GOLDTECH,BE,Goldstone Technologies Limited,5,"-"
GPIL,EQ,Godawari Power And Ispat limited,5,"-"
GREENPANEL,EQ,Greenpanel Industries Limited,5,"-"
GRETEX,SM,Gretex Industries Limited,5,"-"
GROBTEA,BE,The Grob Tea Company Limited,5,"-"
GTL,EQ,GTL Limited,5,"-"
GTNTEX,EQ,GTN Textiles Limited,5,"-"
GUJNRECOKE,W1,Gujarat NRE Coke Limited,5,"-"
GUJRAFFIA,BE,Gujarat Raffia Industries Limited,5,"-"
GVKPIL,EQ,GVK Power & Infrastructure Limited,5,"-"
HATHWAY,BE,Hathway Cable & Datacom Limited,5,"-"
HAVISHA,BE,Sri Havisha Hospitality and Infrastructure Limited,5,"-"
HBSL,EQ,HB Stockholdings Limited,5,"-"
HDIL,BZ,Housing Development and Infrastructure Limited,5,"-"
HECPROJECT,SM,HEC Infra Projects Limited,5,"-"
HEMIPROP,BE,Hemisphere Properties India Limited,5,"-"
HEXATRADEX,BE,Hexa Tradex Limited,5,"-"
HITECHCORP,BE,Hitech Corporation Limited,5,"-"
HMT,BZ,HMT Limited,5,"-"
HOTELRUGBY,EQ,Hotel Rugby Limited,5,"-"
HOVS,EQ,HOV Services Limited,5,"-"
HTMEDIA,BE,HT Media Limited,5,"-"
ICEMAKE,EQ,Ice Make Refrigeration Limited,5,"-"
ICIL,EQ,Indo Count Industries Limited,5,"-"
IITL,BE,Industrial Investment Trust Limited,5,"-"
IL&FSENGG,BZ,IL&FS Engineering and Construction Company Limited,5,"-"
IL&FSTRANS,BZ,IL&FS Transportation Networks Limited,5,"-"
IMPEXFERRO,BE,Impex Ferro Tech Limited,5,"GSM Stage - I"
INDBANK,EQ,Indbank Merchant Banking Services Limited,5,"-"
INDLMETER,EQ,IMP Powers Limited,5,"-"
INDORAMA,EQ,Indo Rama Synthetics (India) Limited,5,"-"
INDOSOLAR,BZ,Indosolar Limited,5,"GSM Stage - II"
INDSWFTLAB,EQ,Ind-Swift Laboratories Limited,5,"-"
INFOBEAN,EQ,InfoBeans Techno. Ltd.,5,"-"
INFOMEDIA,BE,Infomedia Press Limited,5,"GSM Stage - II"
INNOVANA,SM,Innovana Thinklabs Limited,5,"-"
INNOVATIVE,SM,Innovative Tyres and Tubes Limited,5,"-"
INSPIRISYS,EQ,Inspirisys Solutions Limited,5,"-"
INTEGRA,BE,Integra Garments and Textiles Limited,5,"GSM Stage - I"
INTELLECT,EQ,Intellect Design Arena Limited,5,"-"
INTENTECH,EQ,Intense Technologies Limited,5,"-"
ISFT,EQ,Intrasoft Technologies Limited,5,"-"
ISMTLTD,BE,ISMT Limited,5,"-"
IVC,BE,IL&FS Investment Managers Limited,5,"-"
IZMO,EQ,IZMO Limited,5,"-"
JAIHINDPRO,BZ,Jaihind Projects Limited,5,"-"
JAINSTUDIO,BZ,Jain Studios Limited,5,"-"
JALAN,SM,Jalan Transolutions (India) Limited,5,"-"
JAYNECOIND,BE,Jayaswal Neco Industries Limited,5,"-"
JBFIND,EQ,JBF Industries Limited,5,"-"
JETAIRWAYS,BZ,Jet Airways (India) Limited,5,"-"
JETFREIGHT,SM,Jet Freight Logistics Limited,5,"-"
JETKNIT,SM,Jet Knitwears Limited,5,"-"
JHS,BE,JHS Svendgaard Laboratories Limited,5,"-"
JIKIND,BE,JIK Industries Limited,5,"GSM Stage - II"
JITFINFRA,BE,JITF Infralogistics Limited,5,"GSM Stage - I"
JMTAUTOLTD,EQ,JMT Auto Limited,5,"-"
JPASSOCIAT,EQ,Jaiprakash Associates Limited,5,"-"
JPOLYINVST,EQ,Jindal Poly Investment and Finance Company Limited,5,"-"
JYOTISTRUC,BZ,Jyoti Structures Limited,5,"-"
KALYANI,BE,Kalyani Commercials Limited,5,"-"
KALYANIFRG,BE,Kalyani Forge Limited,5,"-"
KANANIIND,EQ,Kanani Industries Limited,5,"-"
KARDA,BE,Karda Constructions Limited,5,"-"
KAUSHALYA,BE,Kaushalya Infrastructure Development Corporation Limited,5,"-"
KEERTI,SM,Keerti Knowledge and Skills Limited,5,"-"
KELLTONTEC,EQ,Kellton Tech Solutions Limited,5,"-"
KERNEX,BE,Kernex Microsystems (India) Limited,5,"-"
KGL,BZ,Karuturi Global Limited,5,"-"
KILITCH,BE,Kilitch Drugs (India) Limited,5,"-"
KIOCL,EQ,KIOCL Limited,5,"-"
KKVAPOW,SM,KKV Agro Powers Limited,5,"-"
KOPRAN,EQ,Kopran Limited,5,"-"
KRISHANA,BE,Krishana Phoschem Limited,5,"-"
KSERASERA,BZ,KSS Limited,5,"-"
KSK,EQ,KSK Energy Ventures Limited,5,"GSM Stage - 0"
KSOLVES,SM,Ksolves India Limited,5,"-"
KWALITY,EQ,kwality limited,5,"-"
LAGNAM,SM,Lagnam Spintex Limited,5,"-"
LAKPRE,BZ,Lakshmi Precision Screws Limited,5,"GSM Stage - 0"
LATTEYS,SM,Latteys Industries Limited,5,"-"
LEXUS,SM,Lexus Granito (India) Limited,5,"-"
LFIC,EQ,Lakshmi Finance & Industrial Corporation Limited,5,"-"
LIKHITHA,BE,Likhitha Infrastructure Limited,5,"-"
LIQUIDBEES,EQ,NIPPON INDIA ETF LIQUID BEES,5,"-"
LPDC,BE,Landmark Property Development Company Limited,5,"-"
MADHUCON,BE,Madhucon Projects Limited,5,"-"
MAGNUM,EQ,Magnum Ventures Limited,5,"GSM Stage - I"
MAHAPEXLTD,BE,Maha Rashtra Apex Corporation Limited,5,"-"
MAHESHWARI,BE,Maheshwari Logistics Limited,5,"-"
MAJESCO,EQ,Majesco Limited,5,"-"
MANAKALUCO,EQ,Manaksia Aluminium Company Limited,5,"-"
MANAKSTEEL,EQ,Manaksia Steels Limited,5,"-"
MANAV,SM,Manav Infra Projects Limited,5,"-"
MANGALAM,EQ,Mangalam Drugs And Organics Limited,5,"-"
MANGTIMBER,EQ,Mangalam Timber Products Limited,5,"GSM Stage - 0"
MANUGRAPH,EQ,Manugraph India Limited,5,"-"
MARSHALL,SM,Marshall Machines Limited,5,"-"
MASKINVEST,BE,Mask Investments Limited,5,"GSM Stage - II"
MBAPL,BE,Madhya Bharat Agro Products Limited,5,"-"
MBECL,BE,Mcnally Bharat Engineering Company Limited,5,"-"
MBLINFRA,EQ,MBL Infrastructures Limited,5,"-"
MCLEODRUSS,BE,Mcleod Russel India Limited,5,"-"
MDL,SM,Marvel Decor Limited,5,"-"
MEGASOFT,BE,Megasoft Limited,5,"-"
MELSTAR,BZ,Melstar Information Technologies Limited,5,"GSM Stage - 0"
MERCATOR,EQ,Mercator Limited,5,"-"
METALFORGE,BE,Metalyst Forgings Limited,5,"GSM Stage - 0"
METKORE,BZ,Metkore Alloys & Industries Limited,5,"-"
MHHL,SM,Mohini Health & Hygiene Limited,5,"-"
MIC,BE,MIC Electronics Limited,5,"GSM Stage - I"
MILTON,SM,Milton Industries Limited,5,"-"
MINDTECK,BE,Mindteck (India) Limited,5,"-"
MIRCELECTR,EQ,MIRC Electronics Limited,5,"-"
MITCON,SM,MITCON Consultancy & Engineering Services Limited,5,"-"
MITTAL,EQ,Mittal Life Style Limited,5,"-"
MKPL,SM,M K Proteins Limited,5,"-"
MODIRUBBER,BE,Modi Rubber Limited,5,"-"
MOHITIND,EQ,Mohit Industries Limited,5,"-"
MPTODAY,SM,Madhya Pradesh Today Media Limited,5,"-"
MRO,IT,M.R. Organisation Limited,5,"-"
MRO-TEK,EQ,MRO-TEK Realty Limited,5,"GSM Stage - 0"
MSPL,EQ,MSP Steel & Power Limited,5,"-"
MUKANDLTD,EQ,Mukand Limited,5,"-"
NAGREEKCAP,EQ,Nagreeka Capital & Infrastructure Limited,5,"-"
NANDANI,SM,Nandani Creation Limited,5,"-"
NARMADA,SM,Narmada Agrobase Limited,5,"-"
NATNLSTEEL,BE,National Steel And Agro Industries Limited,5,"GSM Stage - I"
NDL,BE,Nandan Denim Limited,5,"-"
NEXTMEDIA,EQ,Next Mediaworks Limited,5,"GSM Stage - I"
NIBL,EQ,NRB Industrial Bearings Limited,5,"GSM Stage - 0"
NIRAJ,BE,Niraj Cement Structurals Limited,5,"-"
NIRAJISPAT,BE,Niraj Ispat Industries Limited,5,"-"
NITINFIRE,BZ,Nitin Fire Protection Industries Limited,5,"-"
NITIRAJ,SM,Nitiraj Engineers Limited,5,"-"
NKIND,EQ,NK Industries Limited,5,"-"
NOIDATOLL,BE,Noida Toll Bridge Company Limited,5,"-"
NORBTEAEXP,BE,Norben Tea & Exports Limited,5,"-"
NTL,BE,Neueon Towers Limited,5,"-"
NUCLEUS,EQ,Nucleus Software Exports Limited,5,"-"
OISL,EQ,OCL Iron and Steel Limited,5,"-"
OMAXE,EQ,Omaxe Limited,5,"-"
OMFURN,SM,Omfurn India Limited,5,"-"
OMKARCHEM,EQ,Omkar Speciality Chemicals Limited,5,"GSM Stage - 0"
ONELIFECAP,EQ,Onelife Capital Advisors Limited,5,"-"
OPTIEMUS,EQ,Optiemus Infracom Limited,5,"-"
OPTOCIRCUI,EQ,Opto Circuits (India) Limited,5,"-"
ORIENTALTL,EQ,Oriental Trimex Limited,5,"-"
ORIENTLTD,EQ,Orient Press Limited,5,"-"
ORTEL,BZ,Ortel Communications Limited,5,"-"
ORTINLABSS,EQ,Ortin Laboratories Limited,5,"-"
OSWALAGRO,EQ,Oswal Agro Mills Limited,5,"-"
OSWALSEEDS,SM,ShreeOswal Seeds And Chemicals Limited,5,"-"
PAEL,EQ,PAE Limited,5,"-"
PALASHSECU,EQ,Palash Securities Limited,5,"-"
PALREDTEC,BE,Palred Technologies Limited,5,"-"
PANACHE,EQ,Panache Digilife Limited,5,"-"
PANSARI,SM,Pansari Developers Limited,5,"-"
PARABDRUGS,BZ,Parabolic Drugs Limited,5,"-"
PARSVNATH,EQ,Parsvnath Developers Limited,5,"-"
PATSPINLTD,EQ,Patspin India Limited,5,"-"
PEARLPOLY,EQ,Pearl Polymers Limited,5,"-"
PENINLAND,EQ,Peninsula Land Limited,5,"-"
PENTAGOLD,SM,Penta Gold Limited,5,"-"
PERFECT,SM,Perfect Infraengineers Limited,5,"-"
PGEL,BE,PG Electroplast Limited,5,"-"
PIGL,SM,Power & Instrumentation (Gujarat) Limited,5,"-"
PKTEA,BE,The Peria Karamalai Tea & Produce Company Limited,5,"-"
POWERFUL,SM,Powerful Technologies Limited,5,"-"
PRADIP,EQ,Pradip Overseas Limited,5,"GSM Stage - I"
PRAXIS,BE,Praxis Home Retail Limited,5,"-"
PRECOT,BE,Precot Meridian Limited,5,"-"
PREMEXPLN,EQ,Premier Explosives Limited,5,"-"
PREMIER,BE,Premier Limited,5,"-"
PRICOLLTD,EQ,Pricol Limited,5,"-"
PROLIFE,SM,Prolife Industries Limited,5,"-"
PROSEED,BE,Proseed India Limited,5,"GSM Stage - II"
PULZ,SM,Pulz Electronics Limited,5,"-"
PUNJLLOYD,BZ,Punj Lloyd Limited,5,"GSM Stage - 0"
PUSHPREALM,SZ,Pushpanjali Realms and Infratech Limited,5,"-"
RADAAN,BE,Radaan Mediaworks India Limited,5,"GSM Stage - II"
RAJRAYON,BZ,Raj Rayon Industries Limited,5,"GSM Stage - I"
RAMASTEEL,BE,Rama Steel Tubes Limited,5,"-"
RAMCOSYS,EQ,Ramco Systems Limited,5,"-"
RAMSARUP,BZ,Ramsarup Industries Limited,5,"GSM Stage - I"
RANASUG,BE,Rana Sugars Limited,5,"-"
RCOM,BE,Reliance Communications Limited,5,"-"
RELIABLE,SM,Reliable Data Services Limited,5,"-"
RELINFRA,EQ,Reliance Infrastructure Limited,5,"-"
RENUKA,EQ,Shree Renuka Sugars Limited,5,"-"
REPL,SM,Rudrabhishek Enterprises Limited,5,"-"
RMCL,BE,Radha Madhav Corporation Limited,5,"-"
RNAVAL,EQ,Reliance Naval and Engineering Limited,5,"-"
ROHITFERRO,BE,Rohit Ferro-Tech Limited,5,"GSM Stage - 0"
ROHLTD,BE,Royal Orchid Hotels Limited,5,"-"
ROLLT,BE,Rollatainers Limited,5,"-"
ROLTA,EQ,Rolta India Limited,5,"-"
ROML,BZ,Raj Oil Mills Limited,5,"-"
ROSSELLIND,EQ,Rossell India Limited,5,"-"
RPPL,SM,Rajshreepolypack Limited,5,"-"
RSSOFTWARE,EQ,R. S. Software (India) Limited,5,"-"
RSWM,BE,RSWM Limited,5,"-"
RTNINFRA,EQ,RattanIndia Infrastructure Limited,5,"-"
RTNPOWER,EQ,RattanIndia Power Limited,5,"-"
RUCHI,BE,Ruchi Soya Industries Limited,5,"-"
RUCHINFRA,BE,Ruchi Infrastructure Limited,5,"-"
SABEVENTS,BE,Sab Events & Governance Now Media Limited,5,"-"
SABTN,EQ,Sri Adhikari Brothers Television Network Limited,5,"GSM Stage - I"
SAGARDEEP,BE,Sagardeep Alloys Limited,5,"-"
SALASAR,EQ,Salasar Techno Engineering Limited,5,"-"
SAMBHAAV,EQ,Sambhaav Media Limited,5,"-"
SANGHVIFOR,BE,Sanghvi Forging and Engineering Limited,5,"GSM Stage - 0"
SANWARIA,BZ,Sanwaria Consumer Limited,5,"-"
SARVESHWAR,SM,Sarveshwar Foods Limited,5,"-"
SATIN,EQ,Satin Creditcare Network Limited,5,"-"
SATINPP,E1,Satin Creditcare Network Limited,5,"-"
SCAPDVR,BE,Stampede Capital Limited,5,"-"
SCHAND,EQ,S Chand And Company Limited,5,"-"
SECURCRED,SM,SecUR Credentials Limited,5,"-"
SELMCL,BZ,SEL Manufacturing Company Limited,5,"-"
SEPOWER,EQ,S.E. Power Limited,5,"-"
SERVOTECH,SM,Servotech Power Systems Limited,5,"-"
SETCO,BE,Setco Automotive Limited,5,"-"
SEZAL,BZ,Sezal Glass Limited,5,"GSM Stage - II"
SHAKTIPUMP,BE,Shakti Pumps (India) Limited,5,"-"
SHANTI,SM,Shanti Overseas (India) Limited,5,"-"
SHIVAMAUTO,EQ,Shivam Autotech Limited,5,"-"
SHIVATEX,EQ,Shiva Texyarn Limited,5,"-"
SHRADHA,EQ,Shradha Infraprojects Limited,5,"-"
SHREERAMA,EQ,Shree Rama Multi-Tech Limited,5,"-"
SHRENIK,EQ,Shrenik Limited,5,"-"
SHREYAS,BE,Shreyas Shipping & Logistics Limited,5,"-"
SHRIPISTON,BE,Shriram Pistons & Rings Limited,5,"-"
SHUBHLAXMI,SM,Shubhlaxmi Jewel Art Limited,5,"-"
SHYAMCENT,EQ,Shyam Century Ferrous Limited,5,"-"
SHYAMTEL,EQ,Shyam Telecom Limited,5,"GSM Stage - 0"
SIGMA,ST,Sigma Solve Limited,5,"-"
SIL,BE,Standard Industries Limited,5,"-"
SIMBHALS,EQ,Simbhaoli Sugars Limited,5,"-"
SINTERCOM,EQ,Sintercom India Limited,5,"-"
SINTEX,BE,Sintex Industries Limited,5,"-"
SITINET,EQ,Siti Networks Limited,5,"-"
SKSTEXTILE,SM,SKS Textiles Limited,5,"-"
SMPL,BZ,Splendid Metal Products Limited,5,"GSM Stage - II"
SMVD,SM,SMVD Poly Pack Limited,5,"-"
SOFTTECH,SM,Softtech Engineers Limited,5,"-"
SOMATEX,BE,Soma Textiles & Industries Limited,5,"-"
SONISOYA,SM,Soni Soya Products Limited,5,"-"
SOUTHWEST,EQ,South West Pinnacle Exploration Limited,5,"-"
SPCENET,EQ,Spacenet Enterprises India Limited,5,"GSM Stage - I"
SPENTEX,BZ,Spentex Industries Limited,5,"GSM Stage - I"
SPTL,EQ,Sintex Plastics Technology Limited,5,"-"
SPYL,BE,Shekhawati Poly-Yarn Limited,5,"GSM Stage - II"
SRIRAM,SM,Shri Ram Switchgears Limited,5,"-"
SSINFRA,SM,S.S. Infrastructure Development Consultants Limited,5,"-"
S&SPOWER,EQ,S&S Power Switchgears Limited,5,"-"
STINDIA,BZ,STI India Limited,5,"-"
SUBCAPCITY,BE,International Constructions Limited,5,"-"
SUJANAUNI,BE,Sujana Universal Industries Limited,5,"GSM Stage - I"
SUMEETINDS,EQ,Sumeet Industries Limited,5,"GSM Stage - 0"
SUPERSPIN,EQ,Super Spinning Mills Limited,5,"-"
SUPREMEINF,BZ,Supreme Infrastructure India Limited,5,"-"
SURANI,SM,Surani Steel Tubes Limited,5,"-"
SUULD,EQ,Suumaya Lifestyle Limited,5,"-"
SWELECTES,BE,Swelect Energy Systems Limited,5,"-"
SYNCOM,BZ,Syncom Healthcare Limited,5,"-"
TANLA,EQ,Tanla Solutions Limited,5,"-"
TANTIACONS,BE,Tantia Constructions Limited,5,"GSM Stage - 0"
TATACOMM,EQ,Tata Communications Limited,5,"-"
TCIFINANCE,EQ,Tci Finance Limited,5,"-"
TECHIN,EQ,Techindia Nirman Limited,5,"-"
TECHNOFAB,BE,Technofab Engineering Limited,5,"-"
TEJASNET,EQ,Tejas Networks Limited,5,"-"
TFL,EQ,Transwarranty Finance Limited,5,"-"
TGBHOTELS,EQ,TGB Banquets And Hotels Limited,5,"-"
THEJO,SM,Thejo Engineering Limited,5,"-"
THIRUSUGAR,BZ,Thiru Arooran Sugars Limited,5,"-"
THOMASCOTT,BE,Thomas Scott (India) Limited,5,"GSM Stage - 0"
TIRUPATI,SM,Shree Tirupati Balajee FIBC Limited,5,"-"
TNTELE,BE,Tamilnadu Telecommunication Limited,5,"GSM Stage - I"
TRANSWIND,SM,Transwind Infrastructures Limited,5,"-"
TREEHOUSE,EQ,Tree House Education & Accessories Limited,5,"-"
TREJHARA,EQ,TREJHARA SOLUTIONS LIMITED,5,"-"
TRF,EQ,TRF Limited,5,"GSM Stage - 0"
TVVISION,EQ,TV Vision Limited,5,"GSM Stage - I"
UMESLTD,EQ,Usha Martin Education & Solutions Limited,5,"GSM Stage - I"
UNIINFO,SM,Uniinfo Telecom Services Limited,5,"-"
UNITECH,BZ,Unitech Limited,5,"-"
UNITEDPOLY,SM,United Polyfab Gujarat Limited,5,"-"
UNITY,BZ,Unity Infraprojects Limited,5,"GSM Stage - I"
UNIVPHOTO,BE,Universus Photo Imagings Limited,5,"-"
URJA,EQ,Urja Global Limited,5,"-"
UTTAMSTL,EQ,Uttam Galva Steels Limited,5,"-"
UVSL,EQ,Uttam Value Steels Limited,5,"-"
UWCSL,SM,Ultra Wiring Connectivity System Limited,5,"-"
V2RETAIL,EQ,V2 Retail Limited,5,"-"
VASA,SM,Vasa Retail and Overseas Ltd,5,"-"
VASWANI,EQ,Vaswani Industries Limited,5,"-"
VENUSREM,BE,Venus Remedies Limited,5,"-"
VERA,SM,Vera Synthetic Limited,5,"-"
VICEROY,BE,Viceroy Hotels Limited,5,"GSM Stage - I"
VIDEOIND,BZ,Videocon Industries Limited,5,"-"
VIKASECO,BE,Vikas EcoTech Limited,5,"-"
VIKASMCORP,EQ,Vikas Multicorp Limited,5,"-"
VIKASPROP,EQ,Vikas Proppant & Granite Limited,5,"-"
VIMTALABS,BE,Vimta Labs Limited,5,"-"
VIPCLOTHNG,EQ,VIP Clothing Limited,5,"-"
VISASTEEL,BE,Visa Steel Limited,5,"-"
VISHNU,BE,Vishnu Chemicals Limited,5,"-"
VIVIDHA,BE,Visagar Polytex Limited,5,"-"
VIVIMEDLAB,EQ,Vivimed Labs Limited,5,"-"
VSCL,SM,Vadivarhe Speciality Chemicals Limited,5,"-"
VSSL,EQ,Vardhman Special Steels Limited,5,"-"
WANBURY,BE,Wanbury Limited,5,"-"
WEALTH,SM,Wealth First Portfolio Managers Limited,5,"-"
WEBELSOLAR,EQ,Websol Energy System Limited,5,"-"
WELSPUNIND,EQ,Welspun India Limited,5,"-"
WEWIN,SM,WE WIN LIMITED,5,"-"
WFL,SM,Wonder Fibromats Limited,5,"-"
WINDMACHIN,EQ,Windsor Machines Limited,5,"-"
WIPL,BE,The Western India Plywoods Limited,5,"-"
WSI,BE,W S Industries (I) Limited,5,"GSM Stage - 0"
XELPMOC,BE,Xelpmoc Design And Tech Limited,5,"-"
YESBANK,EQ,Yes Bank Limited,5,"-"
ZEEMEDIA,BE,Zee Media Corporation Limited,5,"-"
ZENITHSTL,BE,Zenith Steel Pipes & Industries Limited,5,"GSM Stage - II"
ZICOM,BE,Zicom Electronic Security Systems Limited,5,"-"
ZODIAC,SM,Zodiac Energy Limited,5,"-"
ZODJRDMKJ,EQ,Zodiac JRD- MKJ Limited,5,"-"
63MOONS,EQ,63 moons technologies limited,10,"-"
AARVEEDEN,EQ,Aarvee Denims & Exports Limited,10,"-"
AARVI,EQ,Aarvi Encon Limited,10,"-"
ABAN,EQ,Aban Offshore Limited,10,"-"
ADHUNIKIND,EQ,Adhunik Industries Limited,10,"-"
ADSL,EQ,Allied Digital Services Limited,10,"-"
ADVENZYMES,EQ,Advanced Enzyme Technologies Limited,10,"-"
AGARIND,EQ,Agarwal Industrial Corporation Limited,10,"-"
AGRITECH,EQ,Agri-Tech (India) Limited,10,"-"
AGROPHOS,EQ,Agro Phos India Limited,10,"-"
AIRAN,EQ,Airan Limited,10,"-"
ALCHEM,EQ,Alchemist Limited,10,"-"
ALMONDZ,EQ,Almondz Global Securities Limited,10,"-"
ALPSINDUS,EQ,Alps Industries Limited,10,"-"
ANDHRACEMT,EQ,Andhra Cements Limited,10,"-"
ANIKINDS,EQ,Anik Industries Limited,10,"-"
ARCHIES,EQ,Archies Limited,10,"-"
ARENTERP,EQ,Rajdarshan Industries Limited,10,"-"
ARIES,EQ,Aries Agro Limited,10,"-"
ARMANFIN,EQ,Arman Financial Services Limited,10,"-"
ARSSINFRA,EQ,ARSS Infrastructure Projects Limited,10,"-"
ARVINDFASN,EQ,Arvind Fashions Limited,10,"-"
ASHIANA,EQ,Ashiana Housing Limited,10,"-"
ATLANTA,EQ,Atlanta  Limited,10,"-"
AUTOLITIND,EQ,Autolite (India) Limited,10,"-"
AVSL,SM,AVSL Industries Limited,10,"-"
AXISCADES,EQ,AXISCADES Engineering Technologies Limited,10,"-"
BAGFILMS,EQ,B.A.G Films and Media Limited,10,"-"
BALKRISHNA,EQ,Balkrishna Paper Mills Limited,10,"-"
BCP,EQ,B.C. Power Controls Ltd,10,"-"
BETA,SM,Beta Drugs Limited,10,"-"
BGRENERGY,EQ,BGR Energy Systems Limited,10,"-"
BHAGYANGR,EQ,Bhagyanagar India Limited,10,"-"
BHARATGEAR,EQ,Bharat Gears Limited,10,"-"
BILENERGY,EQ,Bil Energy Systems Limited,10,"-"
BINDALAGRO,EQ,Oswal Chemicals & Fertilizers Limited,10,"-"
BIRLATYRE,EQ,Birla Tyres Limited,10,"-"
BPL,EQ,Bpl Limited,10,"-"
BRIGHT,SM,Bright Solar Limited,10,"-"
BSELINFRA,EQ,BSEL Infrastructure Realty Limited,10,"-"
BSL,EQ,BSL Limited,10,"-"
CCHHL,EQ,Country Club Hospitality & Holidays Limited,10,"-"
CEBBCO,EQ,Commercial Engineers & Body Builders Co Limited,10,"-"
CENTEXT,EQ,Century Extrusions Limited,10,"-"
CENTRALBK,EQ,Central Bank of India,10,"-"
CEREBRAINT,EQ,Cerebra Integrated Technologies Limited,10,"-"
CMICABLES,EQ,CMI Limited,10,"-"
COMPUSOFT,EQ,Compucom Software Limited,10,"-"
CORALFINAC,EQ,Coral India Finance & Housing Limited,10,"-"
CREATIVE,EQ,Creative Peripherals and Distribution Limited,10,"-"
CYBERTECH,EQ,Cybertech Systems And Software Limited,10,"-"
DATAMATICS,EQ,Datamatics Global Services Limited,10,"-"
DBSTOCKBRO,EQ,DB (International) Stock Brokers Limited,10,"-"
DCM,EQ,DCM  Limited,10,"-"
DELTAMAGNT,EQ,Delta Manufacturing Limited,10,"-"
DFMFOODS,EQ,DFM Foods Limited,10,"-"
DISHTV,EQ,Dish TV India Limited,10,"-"
DPSCLTD,EQ,DPSC Limited,10,"-"
DPWIRES,EQ,D P Wires Limited,10,"-"
DSSL,EQ,Dynacons Systems & Solutions Limited,10,"-"
DUCON,EQ,Ducon Infratechnologies Limited,10,"-"
DYNAMATECH,EQ,Dynamatic Technologies Limited,10,"-"
EBANK,EQ,Edelweiss ETF - Nifty Bank,10,"-"
ELGIRUBCO,EQ,Elgi Rubber Company Limited,10,"-"
EMKAY,EQ,Emkay Global Financial Services Limited,10,"-"
ENERGYDEV,EQ,Energy Development Company Limited,10,"-"
ENIL,EQ,Entertainment Network (India) Limited,10,"-"
FCSSOFT,EQ,FCS Software Solutions Limited,10,"-"
FLFL,EQ,Future Lifestyle Fashions Limited,10,"-"
FRETAIL,EQ,Future Retail Limited,10,"-"
GAMMNINFRA,EQ,Gammon Infrastructure Projects Limited,10,"-"
GET&D,EQ,GE T&D India Limited,10,"-"
GILLANDERS,EQ,Gillanders Arbuthnot & Company Limited,10,"-"
GINNIFILA,EQ,Ginni Filaments Limited,10,"-"
GOKULAGRO,EQ,Gokul Agro Resources Limited,10,"-"
GOLDENTOBC,EQ,Golden Tobacco Limited,10,"-"
GPTINFRA,EQ,GPT Infraprojects Limited,10,"-"
GREENPOWER,EQ,Orient Green Power Company Limited,10,"-"
GTLINFRA,EQ,GTL Infrastructure Limited,10,"-"
GTNIND,EQ,GTN Industries Limited,10,"-"
GTPL,EQ,GTPL Hathway Limited,10,"-"
GULPOLY,EQ,Gulshan Polyols Limited,10,"-"
HCL-INSYS,EQ,HCL Infosystems Limited,10,"-"
HILTON,EQ,Hilton Metal Forging Limited,10,"-"
HIMATSEIDE,EQ,Himatsingka Seide Limited,10,"-"
HINDMOTORS,EQ,Hindustan Motors Limited,10,"-"
HINDNATGLS,EQ,Hindusthan National Glass & Industries Limited,10,"-"
HIRECT,EQ,Hind Rectifiers Limited,10,"-"
HITECHGEAR,EQ,The Hi-Tech Gears Limited,10,"-"
HNDFDS,EQ,Hindustan Foods Limited,10,"-"
HUBTOWN,EQ,Hubtown Limited,10,"-"
HUSYSLTD,SM,Husys Consulting Limited,10,"-"
IBULISL,EQ,Indiabulls Integrated Services Limited,10,"-"
IGPL,EQ,IG Petrochemicals Limited,10,"-"
IMAGICAA,EQ,Imagicaaworld Entertainment Limited,10,"-"
INDOTHAI,EQ,Indo Thai Securities Limited,10,"-"
INDOWIND,EQ,Indowind Energy Limited,10,"-"
INFIBEAM,EQ,Infibeam Avenues Limited,10,"-"
IVP,EQ,IVP Limited,10,"-"
JAIBALAJI,EQ,Jai Balaji Industries Limited,10,"-"
JAYAGROGN,EQ,Jayant Agro Organics Limited,10,"-"
JBCHEPHARM,EQ,JB Chemicals & Pharmaceuticals Limited,10,"-"
JINDRILL,EQ,Jindal Drilling And Industries Limited,10,"-"
JINDWORLD,EQ,Jindal Worldwide Limited,10,"-"
JISLDVREQS,EQ,Jain Irrigation Systems Limited,10,"-"
JISLJALEQS,EQ,Jain Irrigation Systems Limited,10,"-"
JIYAECO,EQ,Jiya Eco-Products Limited,10,"-"
JPINFRATEC,EQ,Jaypee Infratech Limited,10,"-"
JPPOWER,EQ,Jaiprakash Power Ventures Limited,10,"-"
JSWISPL,EQ,JSW Ispat Special Products Limited,10,"-"
JUMPNET,EQ,Jump Networks Limited,10,"-"
JUSTDIAL,EQ,Just Dial Limited,10,"-"
KAKATCEM,EQ,Kakatiya Cement Sugar & Industries Limited,10,"-"
KAMDHENU,EQ,Kamdhenu Limited,10,"-"
KAPSTON,EQ,Kapston Facilities Management Limited,10,"-"
KARMAENG,EQ,Karma Energy Limited,10,"-"
KAYA,EQ,Kaya Limited,10,"-"
KDDL,EQ,KDDL Limited,10,"-"
KECL,EQ,Kirloskar Electric Company Limited,10,"-"
KHADIM,EQ,Khadim India Limited,10,"-"
KOTHARIPRO,EQ,Kothari Products Limited,10,"-"
KREBSBIO,EQ,Krebs Biochemicals and Industries Limited,10,"-"
KRIDHANINF,EQ,Kridhan Infra Limited,10,"-"
KUANTUM,EQ,Kuantum Papers Limited,10,"-"
LASA,EQ,Lasa Supergenerics Limited,10,"-"
LEMONTREE,EQ,Lemon Tree Hotels Limited,10,"-"
LGBFORGE,EQ,LGB Forge Limited,10,"-"
LSIL,EQ,Lloyds Steels Industries Limited,10,"-"
LYKALABS,EQ,Lyka Labs Limited,10,"-"
LYPSAGEMS,EQ,Lypsa Gems & Jewellery Limited,10,"-"
MACPOWER,EQ,Macpower CNC Machines Limited,10,"-"
MAHASTEEL,EQ,Mahamaya Steel Industries Limited,10,"-"
MANAKCOAT,EQ,Manaksia Coated Metals & Industries Limited,10,"-"
MARATHON,EQ,Marathon Nextgen Realty Limited,10,"-"
MASTEK,EQ,Mastek Limited,10,"-"
MATRIMONY,EQ,Matrimony.Com Limited,10,"-"
MAWANASUG,EQ,Mawana Sugars Limited,10,"-"
MCDHOLDING,EQ,McDowell Holdings Limited,10,"-"
MEP,EQ,MEP Infrastructure Developers Limited,10,"-"
MINDPOOL,SM,Mindpool Technologies Limited,10,"-"
MMP,EQ,MMP Industries Limited,10,"-"
MOHOTAIND,EQ,Mohota Industries Limited,10,"-"
MORARJEE,EQ,Morarjee Textiles Limited,10,"-"
MOTOGENFIN,EQ,The Motor & General Finance Limited,10,"-"
MUKANDENGG,EQ,Mukand Engineers Limited,10,"-"
MUKTAARTS,EQ,Mukta Arts Limited,10,"-"
NAGAFERT,EQ,Nagarjuna Fertilizers and Chemicals Limited,10,"-"
NDRAUTO,EQ,Ndr Auto Components Limited,10,"-"
NDTV,EQ,New Delhi Television Limited,10,"-"
NECCLTD,EQ,North Eastern Carrying Corporation Limited,10,"-"
NEOGEN,EQ,Neogen Chemicals Limited,10,"-"
NILASPACES,EQ,Nila Spaces Limited,10,"-"
NITCO,EQ,Nitco Limited,10,"-"
OILCOUNTUB,EQ,Oil Country Tubular Limited,10,"-"
OMMETALS,EQ,OM Metals Infraprojects Limited,10,"-"
ONEPOINT,EQ,One Point One Solutions Limited,10,"-"
ONMOBILE,EQ,OnMobile Global Limited,10,"-"
ORIENTHOT,EQ,Oriental Hotels Limited,10,"-"
PATINTLOG,EQ,Patel Integrated Logistics Limited,10,"-"
PILITA,EQ,PIL ITALICA LIFESTYLE LIMITED,10,"-"
POKARNA,EQ,Pokarna Limited,10,"-"
PPAP,EQ,PPAP Automotive Limited,10,"-"
PRAENG,EQ,Prajay Engineers Syndicate Limited,10,"-"
PRAKASHSTL,EQ,Prakash Steelage Limited,10,"-"
PROZONINTU,EQ,Prozone Intu Properties Limited,10,"-"
RAJSREESUG,EQ,Rajshree Sugars & Chemicals Limited,10,"-"
RELCAPITAL,EQ,Reliance Capital Limited,10,"-"
REMSONSIND,EQ,Remsons Industries Limited,10,"-"
RHFL,EQ,Reliance Home Finance Limited,10,"-"
RKDL,EQ,Ravi Kumar Distilleries Limited,10,"-"
RMDRIP,SM,R M Drip and Sprinklers Systems Limited,10,"-"
ROUTE,EQ,ROUTE MOBILE LIMITED,10,"-"
RUCHIRA,EQ,Ruchira Papers Limited,10,"-"
SAKAR,EQ,Sakar Healthcare Limited,10,"-"
SAKHTISUG,EQ,Sakthi Sugars Limited,10,"-"
SAKUMA,EQ,Sakuma Exports Limited,10,"-"
SALSTEEL,EQ,S.A.L. Steel Limited,10,"-"
SDBL,EQ,Som Distilleries & Breweries Limited,10,"-"
SETUINFRA,EQ,Setubandhan Infrastructure Limited,10,"-"
SEYAIND,EQ,Seya Industries Limited,10,"-"
SGL,EQ,STL Global Limited,10,"-"
SHAHALLOYS,EQ,Shah Alloys Limited,10,"-"
SHEMAROO,EQ,Shemaroo Entertainment Limited,10,"-"
SHIRPUR-G,EQ,Shirpur Gold Refinery Limited,10,"-"
SHREEPUSHK,EQ,Shree Pushkar Chemicals & Fertilisers Limited,10,"-"
SHRIRAMEPC,EQ,Shriram EPC Limited,10,"-"
SICAGEN,EQ,Sicagen India Limited,10,"-"
SICAL,EQ,Sical Logistics Limited,10,"-"
SILLYMONKS,EQ,Silly Monks Entertainment Limited,10,"-"
SIMPLEXINF,EQ,Simplex Infrastructures Limited,10,"-"
SKIL,EQ,SKIL Infrastructure Limited,10,"-"
SMSLIFE,EQ,SMS Lifesciences India Limited,10,"-"
SOMICONVEY,EQ,Somi Conveyor Beltings Limited,10,"-"
SORILINFRA,EQ,SORIL Infra Resources Limited,10,"-"
SPMLINFRA,EQ,SPML Infra Limited,10,"-"
SRIPIPES,EQ,Srikalahasthi Pipes Limited,10,"-"
STCINDIA,EQ,The State Trading Corporation of India Limited,10,"-"
STEELXIND,EQ,STEEL EXCHANGE INDIA LIMITED,10,"-"
SUMIT,EQ,Sumit Woods Limited,10,"-"
SUNDARAM,EQ,Sundaram Multi Pap Limited,10,"-"
SUPREMEENG,SM,Supreme Engineering Limited,10,"-"
SURANASOL,EQ,Surana Solar Limited,10,"-"
SURYALAXMI,EQ,Suryalakshmi Cotton Mills Limited,10,"-"
SUZLON,EQ,Suzlon Energy Limited,10,"-"
TARMAT,EQ,Tarmat Limited,10,"-"
TATASTLLP,EQ,Tata Steel Long Products Limited,10,"-"
THYROCARE,EQ,Thyrocare Technologies Limited,10,"-"
TI,EQ,Tilaknagar Industries Limited,10,"-"
TIJARIA,EQ,Tijaria Polypipes Limited,10,"-"
TIMESGTY,EQ,Times Guaranty Limited,10,"-"
TIPSINDLTD,EQ,TIPS Industries Limited,10,"-"
TIRUPATIFL,EQ,Tirupati Forge Limited,10,"-"
TMRVL,EQ,The Mandhana Retail Ventures Limited,10,"-"
TOTAL,EQ,Total Transport Systems Limited,10,"-"
TOUCHWOOD,EQ,Touchwood Entertainment Limited,10,"-"
TRIGYN,EQ,Trigyn Technologies Limited,10,"-"
TTML,EQ,Tata Teleservices (Maharashtra) Limited,10,"-"
TVSELECT,EQ,TVS Electronics Limited,10,"-"
UJAAS,EQ,Ujaas Energy Limited,10,"-"
UMANGDAIRY,EQ,Umang Dairies Limited,10,"-"
UNIDT,EQ,United Drilling Tools Limited,10,"-"
VARDMNPOLY,EQ,Vardhman Polytex Limited,10,"-"
VERTOZ,EQ,Vertoz Advertising Limited,10,"-"
VIDHIING,EQ,Vidhi Specialty Food Ingredients Limited,10,"-"
VIJIFIN,EQ,Viji Finance Limited,10,"-"
VIKASWSP,EQ,Vikas WSP Limited,10,"-"
VISHAL,EQ,Vishal Fabrics Limited,10,"-"
WALCHANNAG,EQ,Walchandnagar Industries Limited,10,"-"
WEIZMANIND,EQ,Weizmann Limited,10,"-"
WELINV,EQ,Welspun Investments and Commercials Limited,10,"-"
WILLAMAGOR,EQ,Williamson Magor & Company Limited,10,"-"
XPROINDIA,EQ,Xpro India Limited,10,"-"
ZENITHEXPO,EQ,Zenith Exports Limited,10,"-"
ZUARI,EQ,Zuari Agro Chemicals Limited,10,"-"
20MICRONS,EQ,20 Microns Limited,20,"-"
3MINDIA,EQ,3M India Limited,20,"-"
AARON,SM,Aaron Industries Limited,20,"-"
AARTIIND,EQ,Aarti Industries Limited,20,"-"
AAVAS,EQ,Aavas Financiers Limited,20,"-"
ABB,EQ,ABB India Limited,20,"-"
ABBOTINDIA,EQ,Abbott India Limited,20,"-"
ABCAPITAL,EQ,Aditya Birla Capital Limited,20,"-"
ABFRL,EQ,Aditya Birla Fashion and Retail Limited,20,"-"
ABFRLPP,E1,Aditya Birla Fashion and Retail Limited,20,"-"
ABNINT,IT,A B N Intercorp Limited,20,"-"
ABSLBANETF,EQ,Aditya Birla Sun Life Mutual Fund - Aditya Birla Sun Life Banking ETF,20,"-"
ABSLNN50ET,EQ,Aditya Birla Sun Life Nifty Next 50 ETF,20,"-"
ACCELYA,EQ,Accelya Solutions India Limited,20,"-"
ACE,EQ,Action Construction Equipment Limited,20,"-"
ADANIGAS,EQ,Adani Gas Limited,20,"-"
ADANIPOWER,EQ,Adani Power Limited,20,"-"
ADANITRANS,EQ,Adani Transmission Limited,20,"-"
ADORWELD,EQ,Ador Welding Limited,20,"-"
ADVANIHOTR,EQ,Advani Hotels & Resorts (India) Limited,20,"-"
AEGISCHEM,EQ,Aegis Logistics Limited,20,"-"
AGCNET,EQ,AGC Networks Limited,20,"-"
AHIMSA,SM,Ahimsa Industries Limited,20,"-"
AHLADA,SM,Ahlada Engineers Limited,20,"-"
AHLEAST,EQ,Asian Hotels (East) Limited,20,"-"
AHLUCONT,EQ,Ahluwalia Contracts (India) Limited,20,"-"
AHLWEST,EQ,Asian Hotels (West) Limited,20,"-"
AIAENG,EQ,AIA Engineering Limited,20,"-"
AIROLAM,SM,Airo Lam limited,20,"-"
AJANTPHARM,EQ,Ajanta Pharma Limited,20,"-"
AJMERA,EQ,Ajmera Realty & Infra India Limited,20,"-"
AKG,SM,Akg Exim Limited,20,"-"
AKSHARCHEM,EQ,AksharChem India Limited,20,"-"
AKZOINDIA,EQ,Akzo Nobel India Limited,20,"-"
ALANKIT,EQ,Alankit Limited,20,"-"
ALBERTDAVD,EQ,Albert David Limited,20,"-"
ALEMBICLTD,EQ,Alembic Limited,20,"-"
ALICON,EQ,Alicon Castalloy Limited,20,"-"
ALKALI,EQ,Alkali Metals Limited,20,"-"
ALKEM,EQ,Alkem Laboratories Limited,20,"-"
ALKYLAMINE,EQ,Alkyl Amines Chemicals Limited,20,"-"
ALLCARGO,EQ,Allcargo Logistics Limited,20,"-"
ALLSEC,EQ,Allsec Technologies Limited,20,"-"
ALPHAGEO,EQ,Alphageo (India) Limited,20,"-"
AMBANIORG,SM,Ambani Organics Limited,20,"-"
AMBER,EQ,Amber Enterprises India Limited,20,"-"
AMBIKCO,EQ,Ambika Cotton Mills Limited,20,"-"
AMDIND,EQ,AMD Industries Limited,20,"-"
AMJLAND,EQ,Amj Land Holdings Limited,20,"-"
AMRUTANJAN,EQ,Amrutanjan Health Care Limited,20,"-"
ANANTRAJ,EQ,Anant Raj Limited,20,"-"
ANDHRAPAP,EQ,ANDHRA PAPER LIMITED,20,"-"
ANDHRSUGAR,EQ,The Andhra Sugars Limited,20,"-"
ANGELBRKG,EQ,Angel Broking Limited,20,"-"
ANUP,EQ,The Anup Engineering Limited,20,"-"
APARINDS,EQ,Apar Industries Limited,20,"-"
APCL,EQ,Anjani Portland Cement Limited,20,"-"
APCOTEXIND,EQ,Apcotex Industries Limited,20,"-"
APEX,EQ,Apex Frozen Foods Limited,20,"-"
APLAPOLLO,EQ,APL Apollo Tubes Limited,20,"-"
APLLTD,EQ,Alembic Pharmaceuticals Limited,20,"-"
APOLLO,EQ,Apollo Micro Systems Limited,20,"-"
APOLLOPIPE,EQ,Apollo Pipes Limited,20,"-"
APOLSINHOT,EQ,Apollo Sindoori Hotels Limited,20,"-"
APTECHT,EQ,Aptech Limited,20,"-"
ARCHIDPLY,EQ,Archidply Industries Limited,20,"-"
AROGRANITE,EQ,Aro Granite Industries Limited,20,"-"
ARTEMISMED,EQ,Artemis Medicare Services Limited,20,"-"
ARTNIRMAN,SM,Art Nirman Limited,20,"-"
ARVIND,EQ,Arvind Limited,20,"-"
ARVSMART,EQ,Arvind SmartSpaces Limited,20,"-"
ASAHIINDIA,EQ,Asahi India Glass Limited,20,"-"
ASAHISONG,EQ,Asahi Songwon Colors Limited,20,"-"
ASALCBR,EQ,Associated Alcohols & Breweries Ltd.,20,"-"
ASCOM,SM,Ascom Leasing & Investments Limited,20,"-"
ASHOKA,EQ,Ashoka Buildcon Limited,20,"-"
ASIANHOTNR,EQ,Asian Hotels (North) Limited,20,"-"
ASIANTILES,EQ,Asian Granito India Limited,20,"-"
ASPINWALL,EQ,Aspinwall and Company Limited,20,"-"
ASTEC,EQ,Astec LifeSciences Limited,20,"-"
ASTERDM,EQ,Aster DM Healthcare Limited,20,"-"
ASTRAL,EQ,Astral Poly Technik Limited,20,"-"
ASTRAMICRO,EQ,Astra Microwave Products Limited,20,"-"
ASTRAZEN,EQ,AstraZeneca Pharma India Limited,20,"-"
ASTRON,EQ,Astron Paper & Board Mill Limited,20,"-"
ATFL,EQ,Agro Tech Foods Limited,20,"-"
ATUL,EQ,Atul Limited,20,"-"
ATULAUTO,EQ,Atul Auto Limited,20,"-"
AUBANK,EQ,AU Small Finance Bank Limited,20,"-"
AUSOMENT,EQ,Ausom Enterprise Limited,20,"-"
AUTOAXLES,EQ,Automotive Axles Limited,20,"-"
AVADHSUGAR,EQ,Avadh Sugar & Energy Limited,20,"-"
AVANTIFEED,EQ,Avanti Feeds Limited,20,"-"
AVROIND,SM,AVRO INDIA LIMITED,20,"-"
AVTNPL,EQ,AVT Natural Products Limited,20,"-"
AXISGOLD,EQ,Axis Mutual Fund - Axis Gold ETF,20,"-"
AXISNIFTY,EQ,Axis Mutual Fund - AXIS NIFTY ETF,20,"-"
AYMSYNTEX,EQ,AYM Syntex Limited,20,"-"
BAJAJCON,EQ,Bajaj Consumer Care Limited,20,"-"
BAJAJELEC,EQ,Bajaj Electricals Limited,20,"-"
BAJAJHIND,EQ,Bajaj Hindusthan Sugar Limited,20,"-"
BAJAJHLDNG,EQ,Bajaj Holdings & Investment Limited,20,"-"
BALAJITELE,EQ,Balaji Telefilms Limited,20,"-"
BALAMINES,EQ,Balaji Amines Limited,20,"-"
BALMLAWRIE,EQ,Balmer Lawrie & Company Limited,20,"-"
BALRAMCHIN,EQ,Balrampur Chini Mills Limited,20,"-"
BANARBEADS,EQ,Banaras Beads Limited,20,"-"
BANARISUG,EQ,Bannari Amman Sugars Limited,20,"-"
BANCOINDIA,EQ,Banco Products (I) Limited,20,"-"
BANG,EQ,Bang Overseas Limited,20,"-"
BANKBEES,EQ,NIPPON INDIA ETF BANK BEES,20,"-"
BANKINDIA,EQ,Bank Of India,20,"-"
BASF,EQ,BASF India Limited,20,"-"
BASML,EQ,Bannari Amman Spinning Mills Limited,20,"-"
BAYERCROP,EQ,Bayer Cropscience Limited,20,"-"
BBL,EQ,Bharat Bijlee Limited,20,"-"
BBTC,EQ,Bombay Burmah Trading Corporation Limited,20,"-"
BBTCL,SM,B&B Triplewall Containers Limited,20,"-"
BDL,EQ,Bharat Dynamics Limited,20,"-"
BEML,EQ,BEML Limited,20,"-"
BEPL,EQ,Bhansali Engineering Polymers Limited,20,"-"
BFINVEST,EQ,BF Investment Limited,20,"-"
BFUTILITIE,EQ,BF Utilities Limited,20,"-"
BHAGERIA,EQ,Bhageria Industries Limited,20,"-"
BHAGYAPROP,EQ,Bhagyanagar Properties Limited,20,"-"
BHALCHANDR,IT,Bhalchandram Clothing Limited,20,"-"
BHANDARI,EQ,Bhandari Hosiery Exports Limited,20,"-"
BHARATRAS,EQ,Bharat Rasayan Limited,20,"-"
BIRLACABLE,EQ,Birla Cable Limited,20,"-"
BIRLACORPN,EQ,Birla Corporation Limited,20,"-"
BIRLAMONEY,EQ,Aditya Birla Money Limited,20,"-"
BLISSGVS,EQ,Bliss GVS Pharma Limited,20,"-"
BLUEDART,EQ,Blue Dart Express Limited,20,"-"
BLUESTARCO,EQ,Blue Star Limited,20,"-"
BODALCHEM,EQ,Bodal Chemicals Limited,20,"-"
BOMDYEING,EQ,Bombay Dyeing & Mfg Company Limited,20,"-"
BORORENEW,EQ,BOROSIL RENEWABLES LIMITED,20,"-"
BRIGADE,EQ,Brigade Enterprises Limited,20,"-"
BRNL,EQ,Bharat Road Network Limited,20,"-"
BSE,EQ,BSE Limited,20,"-"
BSHSL,SM,Bombay Super Hybrid Seeds Limited,20,"-"
BSLGOLDETF,EQ,Aditya Birla Sun Life Gold ETF - Growth,20,"-"
BSLNIFTY,EQ,Aditya Birla Sun Life Nifty ETF - Growth,20,"-"
BSOFT,EQ,BIRLASOFT LIMITED,20,"-"
BYKE,EQ,The Byke Hospitality Ltd,20,"-"
CAMS,EQ,Computer Age Management Services Limited,20,"-"
CANFINHOME,EQ,Can Fin Homes Limited,20,"-"
CANTABIL,EQ,Cantabil Retail India Limited,20,"-"
CAPACITE,EQ,Capacit'e Infraprojects Limited,20,"-"
CAPLIPOINT,EQ,Caplin Point Laboratories Limited,20,"-"
CAPTRUST,EQ,Capital Trust Limited,20,"-"
CARBORUNIV,EQ,Carborundum Universal Limited,20,"-"
CAREERP,EQ,Career Point Limited,20,"-"
CARERATING,EQ,CARE Ratings Limited,20,"-"
CASTROLIND,EQ,Castrol India Limited,20,"-"
CCL,EQ,CCL Products (India) Limited,20,"-"
CDSL,EQ,Central Depository Services (India) Limited,20,"-"
CEATLTD,EQ,CEAT Limited,20,"-"
CELEBRITY,EQ,Celebrity Fashions Limited,20,"-"
CENTENKA,EQ,Century Enka Limited,20,"-"
CENTRUM,EQ,Centrum Capital Limited,20,"-"
CENTUM,EQ,Centum Electronics Limited,20,"-"
CENTURYPLY,EQ,Century Plyboards (India) Limited,20,"-"
CENTURYTEX,EQ,Century Textiles & Industries Limited,20,"-"
CERA,EQ,Cera Sanitaryware Limited,20,"-"
CESC,EQ,CESC Limited,20,"-"
CESCVENT,EQ,CESC Ventures Limited,20,"-"
CGCL,EQ,Capri Global Capital Limited,20,"-"
CHALET,EQ,Chalet Hotels Limited,20,"-"
CHAMBLFERT,EQ,Chambal Fertilizers & Chemicals Limited,20,"-"
CHEMBOND,EQ,Chembond Chemicals Ltd,20,"-"
CHEMCON,EQ,Chemcon Speciality Chemicals Limited,20,"-"
CHEMFAB,EQ,Chemfab Alkalis Limited,20,"-"
CHENNPETRO,EQ,Chennai Petroleum Corporation Limited,20,"-"
CHOLAHLDNG,EQ,Cholamandalam Financial Holdings Limited,20,"-"
CIGNITITEC,EQ,Cigniti Technologies Limited,20,"-"
CINELINE,EQ,Cineline India Limited,20,"-"
CLNINDIA,EQ,Clariant Chemicals (India) Limited,20,"-"
COCHINSHIP,EQ,Cochin Shipyard Limited,20,"-"
COMPINFO,EQ,Compuage Infocom Limited,20,"-"
CONFIPET,EQ,Confidence Petroleum India Limited,20,"-"
CONSOFINVT,EQ,Consolidated Finvest & Holdings Limited,20,"-"
CONTROLPR,EQ,Control Print Limited,20,"-"
CORDSCABLE,EQ,Cords Cable Industries Limited,20,"-"
COROMANDEL,EQ,Coromandel International Limited,20,"-"
COSMOFILMS,EQ,Cosmo Films Limited,20,"-"
CPSEETF,EQ,CPSE ETF,20,"-"
CREDITACC,EQ,CREDITACCESS GRAMEEN LIMITED,20,"-"
CREST,EQ,Crest Ventures Limited,20,"-"
CRISIL,EQ,CRISIL Limited,20,"-"
CROMPTON,EQ,Crompton Greaves Consumer Electricals Limited,20,"-"
CSBBANK,EQ,CSB Bank Limited,20,"-"
CUB,EQ,City Union Bank Limited,20,"-"
CUBEXTUB,EQ,Cubex Tubings Limited,20,"-"
CUPID,EQ,Cupid Limited,20,"-"
CYIENT,EQ,Cyient Limited,20,"-"
DAAWAT,EQ,LT Foods Limited,20,"-"
DALBHARAT,EQ,Dalmia Bharat Limited,20,"-"
DALMIASUG,EQ,Dalmia Bharat Sugar and Industries Limited,20,"-"
DAMODARIND,EQ,Damodar Industries Limited,20,"-"
DANGEE,SM,Dangee Dums Limited,20,"-"
DBCORP,EQ,D.B.Corp Limited,20,"-"
DBL,EQ,Dilip Buildcon Limited,20,"-"
DBREALTY,EQ,D B Realty Limited,20,"-"
DCAL,EQ,Dishman Carbogen Amcis Limited,20,"-"
DCBBANK,EQ,DCB Bank Limited,20,"-"
DCI,SM,Dc Infotech And Communication Limited,20,"-"
DCMNVL,EQ,DCM Nouvelle Limited,20,"-"
DCMSHRIRAM,EQ,DCM Shriram Limited,20,"-"
DCW,EQ,DCW Limited,20,"-"
DECCANCE,EQ,Deccan Cements Limited,20,"-"
DEEPAKFERT,EQ,Deepak Fertilizers And Petrochemicals Corporation Limited,20,"-"
DEEPAKNTR,EQ,Deepak Nitrite Limited,20,"-"
DEEPENR,EQ,DEEP ENERGY RESOURCES LIMITED,20,"-"
DELTACORP,EQ,Delta Corp Limited,20,"-"
DEN,EQ,Den Networks Limited,20,"-"
DENORA,EQ,De Nora India Limited,20,"-"
DEVIT,SM,Dev Information Technology Limited,20,"-"
DHAMPURSUG,EQ,Dhampur Sugar Mills Limited,20,"-"
DHANBANK,EQ,Dhanlaxmi Bank Limited,20,"-"
DHANUKA,EQ,Dhanuka Agritech Limited,20,"-"
DHUNINV,EQ,Dhunseri Investments Limited,20,"-"
DIAMONDYD,EQ,Prataap Snacks Limited,20,"-"
DICIND,EQ,DIC India Limited,20,"-"
DIXON,EQ,Dixon Technologies (India) Limited,20,"-"
DLINKINDIA,EQ,D-Link (India) Limited,20,"-"
DMART,EQ,Avenue Supermarts Limited,20,"-"
DOLAT,EQ,Dolat Investments Limited,20,"-"
DOLLAR,EQ,Dollar Industries Limited,20,"-"
DONEAR,EQ,Donear Industries Limited,20,"-"
DPABHUSHAN,SM,D. P. Abhushan Limited,20,"-"
DREDGECORP,EQ,Dredging Corporation of India Limited,20,"-"
DRSDILIP,SM,DRS Dilip Roadlines Limited,20,"-"
DTIL,EQ,Dhunseri Tea & Industries Limited,20,"-"
DWARKESH,EQ,Dwarikesh Sugar Industries Limited,20,"-"
DYNPRO,EQ,Dynemic Products Limited,20,"-"
EBBETF0423,EQ,Edelweiss Mutual Fund - BHARAT Bond  ETF - April 2023,20,"-"
EBBETF0425,EQ,Edelweiss Mutual Fund - BHARAT Bond ETF - April 2025,20,"-"
EBBETF0430,EQ,Edelweiss Mutual Fund - BHARAT Bond  ETF - April 2030,20,"-"
EBBETF0431,EQ,Edelweiss Mutual Fund - BHARAT Bond ETF - April 2031,20,"-"
EBIXFOREX,EQ,EBIXCASH WORLD MONEY INDIA LIMITED,20,"-"
ECLERX,EQ,eClerx Services Limited,20,"-"
EIDPARRY,EQ,EID Parry India Limited,20,"-"
EIFFL,SM,Euro India Fresh Foods Limited,20,"-"
EIHAHOTELS,EQ,EIH Associated Hotels Limited,20,"-"
EIHOTEL,EQ,EIH Limited,20,"-"
EIMCOELECO,EQ,Eimco Elecon (India) Limited,20,"-"
ELECON,EQ,Elecon Engineering Company Limited,20,"-"
ELECTCAST,EQ,Electrosteel Castings Limited,20,"-"
ELECTCAST,W1,Electrosteel Castings Limited,20,"-"
ELECTHERM,EQ,Electrotherm (India) Limited,20,"-"
ELGIEQUIP,EQ,Elgi Equipments Limited,20,"-"
EMAMILTD,EQ,Emami Limited,20,"-"
EMAMIPAP,EQ,Emami Paper Mills Limited,20,"-"
EMBASSY,RR,Embassy Office Parks REIT,20,"-"
EMMBI,EQ,Emmbi Industries Limited,20,"-"
ENDURANCE,EQ,Endurance Technologies Limited,20,"-"
ENGINERSIN,EQ,Engineers India Limited,20,"-"
EPL,EQ,EPL Limited,20,"-"
EQ30,EQ,Edelweiss ETF - Nifty 100 Quality 30,20,"-"
EQUITAS,EQ,Equitas Holdings Limited,20,"-"
ERIS,EQ,Eris Lifesciences Limited,20,"-"
ESABINDIA,EQ,Esab India Limited,20,"-"
ESTER,EQ,Ester Industries Limited,20,"-"
EVEREADY,EQ,Eveready Industries India Limited,20,"-"
EVERESTIND,EQ,Everest Industries Limited,20,"-"
EXCELINDUS,EQ,Excel Industries Limited,20,"-"
EXPLEOSOL,EQ,Expleo Solutions Limited,20,"-"
FACT,EQ,Fertilizers and Chemicals Travancore Limited,20,"-"
FCL,EQ,Fineotex Chemical Limited,20,"-"
FDC,EQ,FDC Limited,20,"-"
FIEMIND,EQ,Fiem Industries Limited,20,"-"
FILATEX,EQ,Filatex India Limited,20,"-"
FINCABLES,EQ,Finolex Cables Limited,20,"-"
FINEORG,EQ,Fine Organic Industries Limited,20,"-"
FINPIPE,EQ,Finolex Industries Limited,20,"-"
FLUOROCHEM,EQ,Gujarat Fluorochemicals Limited,20,"-"
FORCEMOT,EQ,FORCE MOTORS LTD,20,"-"
FORTIS,EQ,Fortis Healthcare Limited,20,"-"
FOSECOIND,EQ,Foseco India Limited,20,"-"
FSL,EQ,Firstsource Solutions Limited,20,"-"
GABRIEL,EQ,Gabriel India Limited,20,"-"
GAEL,EQ,Gujarat Ambuja Exports Limited,20,"-"
GALAXYSURF,EQ,Galaxy Surfactants Limited,20,"-"
GALLANTT,EQ,Gallantt Metal Limited,20,"-"
GALLISPAT,EQ,Gallantt Ispat Limited,20,"-"
GANDHITUBE,EQ,Gandhi Special Tubes Limited,20,"-"
GANECOS,EQ,Ganesha Ecosphere Limited,20,"-"
GANGAFORGE,SM,Ganga Forging Limited,20,"-"
GANGESSECU,EQ,Ganges Securities Limited,20,"-"
GARFIBRES,EQ,Garware Technical Fibres Limited,20,"-"
GATI,EQ,GATI Limited,20,"-"
GDL,EQ,Gateway Distriparks Limited,20,"-"
GEECEE,EQ,GeeCee Ventures Limited,20,"-"
GENUSPAPER,EQ,Genus Paper & Boards Limited,20,"-"
GENUSPOWER,EQ,Genus Power Infrastructures Limited,20,"-"
GEOJITFSL,EQ,Geojit Financial Services Limited,20,"-"
GEPIL,EQ,GE Power India Limited,20,"-"
GESHIP,EQ,The Great Eastern Shipping Company Limited,20,"-"
GFLLIMITED,EQ,GFL Limited,20,"-"
GHCL,EQ,GHCL Limited,20,"-"
GICHSGFIN,EQ,GIC Housing Finance Limited,20,"-"
GICRE,EQ,General Insurance Corporation of India,20,"-"
GILLETTE,EQ,Gillette India Limited,20,"-"
GIPCL,EQ,Gujarat Industries Power Company Limited,20,"-"
GKWLIMITED,EQ,GKW Limited,20,"-"
GLAXO,EQ,GlaxoSmithKline Pharmaceuticals Limited,20,"-"
GLOBALVECT,EQ,Global Vectra Helicorp Limited,20,"-"
GLOBUSSPR,EQ,Globus Spirits Limited,20,"-"
GMBREW,EQ,GM Breweries Limited,20,"-"
GMDCLTD,EQ,Gujarat Mineral Development Corporation Limited,20,"-"
GNA,EQ,GNA Axles Limited,20,"-"
GNFC,EQ,Gujarat Narmada Valley Fertilizers and Chemicals Limited,20,"-"
GOACARBON,EQ,Goa Carbon Limited,20,"-"
GOCLCORP,EQ,GOCL Corporation Limited,20,"-"
GODFRYPHLP,EQ,Godfrey Phillips India Limited,20,"-"
GODREJAGRO,EQ,Godrej Agrovet Limited,20,"-"
GODREJIND,EQ,Godrej Industries Limited,20,"-"
GOKEX,EQ,Gokaldas Exports Limited,20,"-"
GOLDBEES,EQ,NIPPON INDIA ETF GOLD BEES,20,"-"
GOLDIAM,EQ,Goldiam International Limited,20,"-"
GOLDSHARE,EQ,UTI Mutual Fund - UTI Gold Exchange Traded Fund,20,"-"
GOODLUCK,EQ,Goodluck India Limited,20,"-"
GOODYEAR,EQ,Goodyear India Limited,20,"-"
GPPL,EQ,Gujarat Pipavav Port Limited,20,"-"
GRANULES,EQ,Granules India Limited,20,"-"
GRAPHITE,EQ,Graphite India Limited,20,"-"
GRAVITA,EQ,Gravita India Limited,20,"-"
GREAVESCOT,EQ,Greaves Cotton Limited,20,"-"
GREENLAM,EQ,Greenlam Industries Limited,20,"-"
GREENPLY,EQ,Greenply Industries Limited,20,"-"
GRINDWELL,EQ,Grindwell Norton Limited,20,"-"
GRPLTD,EQ,GRP Limited,20,"-"
GRSE,EQ,Garden Reach Shipbuilders & Engineers Limited,20,"-"
GSCLCEMENT,EQ,Gujarat Sidhee Cement Limited,20,"-"
GSFC,EQ,Gujarat State Fertilizers & Chemicals Limited,20,"-"
GSPL,EQ,Gujarat State Petronet Limited,20,"-"
GSS,EQ,GSS Infotech Limited,20,"-"
GUFICBIO,EQ,Gufic Biosciences Limited,20,"-"
GUJALKALI,EQ,Gujarat Alkalies and Chemicals Limited,20,"-"
GUJAPOLLO,EQ,Gujarat Apollo Industries Limited,20,"-"
GUJGASLTD,EQ,Gujarat Gas Limited,20,"-"
GULFOILLUB,EQ,Gulf Oil Lubricants India Limited,20,"-"
GULFPETRO,EQ,GP Petroleums Limited,20,"-"
HAL,EQ,Hindustan Aeronautics Limited,20,"-"
HAPPSTMNDS,EQ,Happiest Minds Technologies Limited,20,"-"
HARITASEAT,EQ,Harita Seating Systems Limited,20,"-"
HARRMALAYA,EQ,Harrisons  Malayalam Limited,20,"-"
HATSUN,EQ,Hatsun Agro Product Limited,20,"-"
HBANKETF,EQ,HDFC Mutual Fund - HDFC Banking ETF,20,"-"
HBLPOWER,EQ,HBL Power Systems Limited,20,"-"
HCC,EQ,Hindustan Construction Company Limited,20,"-"
HCG,EQ,Healthcare Global Enterprises Limited,20,"-"
HDFCAMC,EQ,HDFC Asset Management Company Limited,20,"-"
HDFCMFGETF,EQ,HDFC Mutual Fund-HDFC Gold Exchange Traded Fund,20,"-"
HDFCNIFETF,EQ,HDFC Mutual Fund - HDFC Nifty ETF,20,"-"
HDFCSENETF,EQ,HDFC Mutual Fund - HDFC SENSEX ETF,20,"-"
HEG,EQ,HEG Limited,20,"-"
HEIDELBERG,EQ,HeidelbergCement India Limited,20,"-"
HERCULES,EQ,Hercules Hoists Limited,20,"-"
HERITGFOOD,EQ,Heritage Foods Limited,20,"-"
HESTERBIO,EQ,Hester Biosciences Limited,20,"-"
HEXAWARE,EQ,Hexaware Technologies Limited,20,"-"
HFCL,EQ,HFCL Limited,20,"-"
HGINFRA,EQ,H.G. Infra Engineering Limited,20,"-"
HGS,EQ,Hinduja Global Solutions Limited,20,"-"
HIKAL,EQ,Hikal Limited,20,"-"
HIL,EQ,HIL Limited,20,"-"
HINDCOMPOS,EQ,Hindustan Composites Limited,20,"-"
HINDCON,SM,Hindcon Chemicals Limited,20,"-"
HINDCOPPER,EQ,Hindustan Copper Limited,20,"-"
HINDOILEXP,EQ,Hindustan Oil Exploration Company Limited,20,"-"
HINDZINC,EQ,Hindustan Zinc Limited,20,"-"
HISARMETAL,EQ,Hisar Metal Industries Limited,20,"-"
HITECH,EQ,Hi-Tech Pipes Limited,20,"-"
HLVLTD,EQ,HLV LIMITED,20,"-"
HMVL,EQ,Hindustan Media Ventures Limited,20,"-"
HNGSNGBEES,EQ,NIPPON INDIA ETF HANG SENG BEES,20,"-"
HONAUT,EQ,Honeywell Automation India Limited,20,"-"
HONDAPOWER,EQ,Honda India Power Products Limited,20,"-"
HPIL,SM,Hindprakash Industries Limited,20,"-"
HPL,EQ,HPL Electric & Power Limited,20,"-"
HSCL,EQ,Himadri Speciality Chemical Limited,20,"-"
HSIL,EQ,HSIL Limited,20,"-"
HUDCO,EQ,Housing & Urban Development Corporation Limited,20,"-"
IBMFNIFTY,EQ,Indiabulls Mutual Fund - Indiabulls Nifty50 Exchange Traded Fund,20,"-"
IBREALEST,EQ,Indiabulls Real Estate Limited,20,"-"
IBVENTPP,E1,Indiabulls Ventures Limited,20,"-"
IBVENTURES,EQ,Indiabulls Ventures Limited,20,"-"
ICICI500,EQ,ICICI Prudential Mutual Fund - ICICI Prudential S&P BSE 500 ETF - NA,20,"-"
ICICIALPLV,EQ,ICICI Prudential Mutual Fund -ICICI Prudential Alpha Low Vol 30 ETF,20,"-"
ICICIB22,EQ,ICICI Prudential Mutual Fund - BHARAT 22 ETF,20,"-"
ICICIBANKN,EQ,ICICI Prudential Bank ETF Nifty Bank Index,20,"-"
ICICIBANKP,EQ,ICICI Prudential Private Banks ETF-NIFTY Private Bank Index,20,"-"
ICICIGI,EQ,ICICI Lombard General Insurance Company Limited,20,"-"
ICICIGOLD,EQ,ICICI Prudential Gold ETF,20,"-"
ICICILIQ,EQ,ICICI Prudential Mutual Fund - ICICI Prudential Liquid ETF - NO NA,20,"-"
ICICILOVOL,EQ,ICICI Prudential Nifty Low Vol 30 ETF,20,"-"
ICICIM150,EQ,ICICI Prudential Mutual Fund - ICICI Prudential Midcap 150 ETF,20,"-"
ICICIMCAP,EQ,ICICI Prudential Midcap Select ETF,20,"-"
ICICINF100,EQ,ICICI Prudential Nifty 100 ETF,20,"-"
ICICINIFTY,EQ,ICICI Prudential Nifty ETF,20,"-"
ICICINV20,EQ,ICICI Prudential NV20 ETF,20,"-"
ICICINXT50,EQ,ICICI Prudential Mutual Fund - ICICI Prudential Nifty Next 50 ETF,20,"-"
ICICISENSX,EQ,ICICI Prudential Sensex ETF,20,"-"
ICICITECH,EQ,ICICI Prudential Mutual Fund - ICICI Prudential IT ETF,20,"-"
ICRA,EQ,ICRA Limited,20,"-"
IDBI,EQ,IDBI Bank Limited,20,"-"
IDBIGOLD,EQ,IDBI Mutual Fund - IDBI Gold Exchange Traded Fund,20,"-"
IDFC,EQ,IDFC Limited,20,"-"
IDFNIFTYET,EQ,IDFC Mutual Fund - IDFC Nifty ETF,20,"-"
IEX,EQ,Indian Energy Exchange Limited,20,"-"
IFBAGRO,EQ,IFB Agro Industries Limited,20,"-"
IFBIND,EQ,IFB Industries Limited,20,"-"
IFCI,EQ,IFCI Limited,20,"-"
IFGLEXPOR,EQ,IFGL Refractories Limited,20,"-"
IGARASHI,EQ,Igarashi Motors India Limited,20,"-"
IIFL,EQ,IIFL Finance Limited,20,"-"
IIFLSEC,EQ,IIFL Securities Limited,20,"-"
IIFLWAM,EQ,Iifl Wealth Management Limited,20,"-"
IMFA,EQ,Indian Metals & Ferro Alloys Limited,20,"-"
IMPAL,EQ,India Motor Parts and Accessories Limited,20,"-"
INDHOTEL,EQ,The Indian Hotels Company Limited,20,"-"
INDIACEM,EQ,The India Cements Limited,20,"-"
INDIAGLYCO,EQ,India Glycols Limited,20,"-"
INDIAMART,EQ,Indiamart Intermesh Limited,20,"-"
INDIANB,EQ,Indian Bank,20,"-"
INDIANCARD,EQ,Indian Card Clothing Company Limited,20,"-"
INDIANHUME,EQ,Indian Hume Pipe Company Limited,20,"-"
INDIGRID,IV,India Grid Trust,20,"-"
INDINFR,IV,IndInfravit Trust,20,"-"
INDNIPPON,EQ,India Nippon Electricals Limited,20,"-"
INDOCO,EQ,Indoco Remedies Limited,20,"-"
INDOSTAR,EQ,IndoStar Capital Finance Limited,20,"-"
INDOTECH,EQ,Indo Tech Transformers Limited,20,"-"
INDRAMEDCO,EQ,Indraprastha Medical Corporation Limited,20,"-"
INDTERRAIN,EQ,Indian Terrain Fashions Limited,20,"-"
INEOSSTYRO,EQ,INEOS Styrolution India Limited,20,"-"
INFRABEES,EQ,NIPPON INDIA ETF INFRA BEES,20,"-"
INGERRAND,EQ,Ingersoll Rand (India) Limited,20,"-"
INOXLEISUR,EQ,INOX Leisure Limited,20,"-"
INOXWIND,EQ,Inox Wind Limited,20,"-"
INSECTICID,EQ,Insecticides (India) Limited,20,"-"
INVENTURE,EQ,Inventure Growth & Securities Limited,20,"-"
IOB,EQ,Indian Overseas Bank,20,"-"
IOLCP,EQ,IOL Chemicals and Pharmaceuticals Limited,20,"-"
IPCALAB,EQ,IPCA Laboratories Limited,20,"-"
IRB,EQ,IRB Infrastructure Developers Limited,20,"-"
IRBINVIT,IV,IRB InvIT Fund,20,"-"
IRCON,EQ,Ircon International Limited,20,"-"
IRCTC,EQ,Indian Railway Catering And Tourism Corporation Limited,20,"-"
IRISDOREME,SM,Iris Clothings Limited,20,"-"
ISEC,EQ,ICICI Securities Limited,20,"-"
ITDC,EQ,India Tourism Development Corporation Limited,20,"-"
ITDCEM,EQ,ITD Cementation India Limited,20,"-"
ITI,EQ,ITI Limited,20,"-"
IVZINGOLD,EQ,Invesco India Gold Exchange Traded Fund,20,"-"
IVZINNIFTY,EQ,Invesco India Nifty Exchange Traded Fund,20,"-"
JAGRAN,EQ,Jagran Prakashan Limited,20,"-"
JAGSNPHARM,EQ,Jagsonpal Pharmaceuticals Limited,20,"-"
JAICORPLTD,EQ,Jai Corp Limited,20,"-"
JAKHARIA,SM,JAKHARIA FABRIC LIMITED,20,"-"
JAMNAAUTO,EQ,Jamna Auto Industries Limited,20,"-"
JASH,EQ,Jash Engineering Limited,20,"-"
JAYBARMARU,EQ,Jay Bharat Maruti Limited,20,"-"
JAYSREETEA,EQ,Jayshree Tea & Industries Limited,20,"-"
JBMA,EQ,JBM Auto Limited,20,"-"
JCHAC,EQ,Johnson Controls - Hitachi Air Conditioning India Limited,20,"-"
JINDALPHOT,EQ,Jindal Photo Limited,20,"-"
JINDALPOLY,EQ,Jindal Poly Films Limited,20,"-"
JINDALSAW,EQ,Jindal Saw Limited,20,"-"
J&KBANK,EQ,The Jammu & Kashmir Bank Limited,20,"-"
JKCEMENT,EQ,JK Cement Limited,20,"-"
JKIL,EQ,J.Kumar Infraprojects Limited,20,"-"
JKLAKSHMI,EQ,JK Lakshmi Cement Limited,20,"-"
JKPAPER,EQ,JK Paper Limited,20,"-"
JKTYRE,EQ,JK Tyre & Industries Limited,20,"-"
JMA,EQ,Jullundur Motor Agency (Delhi) Limited,20,"-"
JMCPROJECT,EQ,JMC Projects (India)  Limited,20,"-"
JMFINANCIL,EQ,JM Financial Limited,20,"-"
JOCIL,EQ,Jocil Limited,20,"-"
JSL,EQ,Jindal Stainless Limited,20,"-"
JSLHISAR,EQ,Jindal Stainless (Hisar) Limited,20,"-"
JSWENERGY,EQ,JSW Energy Limited,20,"-"
JSWHL,EQ,JSW Holdings Limited,20,"-"
JTEKTINDIA,EQ,Jtekt India Limited,20,"-"
JUBILANT,EQ,Jubilant Life Sciences Limited,20,"-"
JUBLINDS,EQ,Jubilant Industries Limited,20,"-"
JUNIORBEES,EQ,NIPPON INDIA ETF JUNIOR BEES,20,"-"
JYOTHYLAB,EQ,Jyothy Labs Limited,20,"-"
KABRAEXTRU,EQ,Kabra Extrusion Technik Limited,20,"-"
KAJARIACER,EQ,Kajaria Ceramics Limited,20,"-"
KALPATPOWR,EQ,Kalpataru Power Transmission Limited,20,"-"
KAMATHOTEL,EQ,Kamat Hotels (I) Limited,20,"-"
KANORICHEM,EQ,Kanoria Chemicals & Industries Limited,20,"-"
KANSAINER,EQ,Kansai Nerolac Paints Limited,20,"-"
KARURVYSYA,EQ,Karur Vysya Bank Limited,20,"-"
KCP,EQ,KCP Limited,20,"-"
KCPSUGIND,EQ,KCP Sugar and Industries Corporation Limited,20,"-"
KEC,EQ,KEC International Limited,20,"-"
KEI,EQ,KEI Industries Limited,20,"-"
KENNAMET,EQ,Kennametal India Limited,20,"-"
KESORAMIND,EQ,Kesoram Industries Limited,20,"-"
KEYFINSERV,EQ,Keynote Financial Services Limited,20,"-"
KHANDSE,EQ,Khandwala Securities Limited,20,"-"
KHFM,SM,Khfm Hospitality And Facility Management Services Limited,20,"-"
KICL,EQ,Kalyani Investment Company Limited,20,"-"
KINGFA,EQ,Kingfa Science & Technology (India) Limited,20,"-"
KIRIINDUS,EQ,Kiri Industries Limited,20,"-"
KIRLFER,EQ,Kirloskar Ferrous Industries Ltd,20,"-"
KIRLOSBROS,EQ,Kirloskar Brothers Limited,20,"-"
KIRLOSENG,EQ,Kirloskar Oil Engines Limited,20,"-"
KIRLOSIND,EQ,Kirloskar Industries Limited,20,"-"
KITEX,EQ,Kitex Garments Limited,20,"-"
KKCL,EQ,Kewal Kiran Clothing Limited,20,"-"
KMSUGAR,EQ,K.M.Sugar Mills Limited,20,"-"
KNRCON,EQ,KNR Constructions Limited,20,"-"
KOKUYOCMLN,EQ,Kokuyo Camlin Limited,20,"-"
KOLTEPATIL,EQ,Kolte - Patil Developers Limited,20,"-"
KOTAKBKETF,EQ,Kotak Mahindra MF - Kotak Banking ETF - Dividend Payout Option,20,"-"
KOTAKGOLD,EQ,Kotak Mutual Fund - Gold Exchange Traded Fund,20,"-"
KOTAKNIFTY,EQ,Kotak Mahindra Mutual Fund-Kotak Nifty ETF,20,"-"
KOTAKNV20,EQ,Kotak Mahindra MF - Kotak NV 20 ETF - DPO,20,"-"
KOTAKPSUBK,EQ,Kotak Mahindra Mutual Fund,20,"-"
KOTARISUG,EQ,Kothari Sugars And Chemicals Limited,20,"-"
KOTHARIPET,EQ,Kothari Petrochemicals Limited,20,"-"
KPITTECH,EQ,KPIT Technologies Limited,20,"-"
KPRMILL,EQ,K.P.R. Mill Limited,20,"-"
KRBL,EQ,KRBL Limited,20,"-"
KRITIKA,SM,Kritika Wires Limited,20,"-"
KSB,EQ,Ksb Limited,20,"-"
KSCL,EQ,Kaveri Seed Company Limited,20,"-"
KSHITIJPOL,SM,Kshitij Polyline Limited,20,"-"
KSL,EQ,Kalyani Steels Limited,20,"-"
KTKBANK,EQ,The Karnataka Bank Limited,20,"-"
LAKSHVILAS,EQ,Lakshmi Vilas Bank Limited,20,"-"
LALPATHLAB,EQ,Dr. Lal Path Labs Ltd.,20,"-"
LAMBODHARA,EQ,Lambodhara Textiles Limited,20,"-"
LAOPALA,EQ,La Opala RG Limited,20,"-"
LAURUSLABS,EQ,Laurus Labs Limited,20,"-"
LAXMICOT,SM,Laxmi Cotspin Limited,20,"-"
LAXMIMACH,EQ,Lakshmi Machine Works Limited,20,"-"
LGBBROSLTD,EQ,LG Balakrishnan & Bros Limited,20,"-"
LGHL,SM,Laxmi Goldorna House Limited,20,"-"
LIBAS,EQ,Libas Designs Limited,20,"-"
LIBERTSHOE,EQ,Liberty Shoes Limited,20,"-"
LICNETFGSC,EQ,LIC MF - LIC MF G-sec LT ETF - GO,20,"-"
LICNETFN50,EQ,LIC MF - LIC MF EXCHANGE TRADED FUND - NIFTY 50,20,"-"
LICNETFSEN,EQ,LIC Mutual Fund - LIC MF EXCHANGE TRADED FUND - SENSEX,20,"-"
LICNFNHGP,EQ,LIC MF - LIC MF ETF - Nifty 100,20,"-"
LINCOLN,EQ,Lincoln Pharmaceuticals Limited,20,"-"
LINCPEN,EQ,Linc Pen & Plastics Limited,20,"-"
LINDEINDIA,EQ,Linde India Limited,20,"-"
LIQUIDETF,EQ,DSP LIQUID ETF,20,"-"
LOKESHMACH,EQ,Lokesh Machines Limited,20,"-"
LOTUSEYE,EQ,Lotus Eye Hospital and Institute Limited,20,"-"
LOVABLE,EQ,Lovable Lingerie Limited,20,"-"
LTI,EQ,Larsen & Toubro Infotech Limited,20,"-"
LTTS,EQ,L&T Technology Services Limited,20,"-"
LUMAXIND,EQ,Lumax Industries Limited,20,"-"
LUMAXTECH,EQ,Lumax Auto Technologies Limited,20,"-"
LUXIND,EQ,Lux Industries Limited,20,"-"
M100,EQ,Motilal Oswal Mutual Fund - Motilal Oswal MOSt Shares M100 ETF GO,20,"-"
M50,EQ,Motilal Oswal Mutual Fund - Motilal Oswal MOSt Shares M50 ETF,20,"-"
MAANALU,EQ,Maan Aluminium Limited,20,"-"
MADHAV,EQ,Madhav Marbles and Granites Limited,20,"-"
MADRASFERT,EQ,Madras Fertilizers Limited,20,"-"
MAGADSUGAR,EQ,Magadh Sugar & Energy Limited,20,"-"
MAGMA,EQ,Magma Fincorp Limited,20,"-"
MAHABANK,EQ,Bank of Maharashtra,20,"-"
MAHEPC,EQ,Mahindra EPC Irrigation Limited,20,"-"
MAHICKRA,SM,Mahickra Chemicals Limited,20,"-"
MAHINDCIE,EQ,Mahindra CIE Automotive Limited,20,"-"
MAHLIFE,EQ,Mahindra Lifespace Developers Limited,20,"-"
MAHLOG,EQ,Mahindra Logistics Limited,20,"-"
MAHSCOOTER,EQ,Maharashtra Scooters Limited,20,"-"
MAHSEAMLES,EQ,Maharashtra Seamless Limited,20,"-"
MAITHANALL,EQ,Maithan Alloys Limited,20,"-"
MALUPAPER,EQ,Malu Paper Mills Limited,20,"-"
MAN50ETF,EQ,Mirae Asset Mutual Fund - Mirae Asset Nifty 50 ETF,20,"-"
MANAKSIA,EQ,Manaksia Limited,20,"-"
MANALIPETC,EQ,Manali Petrochemicals Limited,20,"-"
MANGCHEFER,EQ,Mangalore Chemicals & Fertilizers Limited,20,"-"
MANGLMCEM,EQ,Mangalam Cement Limited,20,"-"
MANINDS,EQ,Man Industries (India) Limited,20,"-"
MANINFRA,EQ,Man Infraconstruction Limited,20,"-"
MANXT50,EQ,Mirae Asset Mutual Fund - MIRAE ASSET NIFTY NEXT 50 ETF (MANXT50) - Mi,20,"-"
MARALOVER,EQ,Maral Overseas Limited,20,"-"
MARINE,SM,Marine Electricals (India) Limited,20,"-"
MARKSANS,EQ,Marksans Pharma Limited,20,"-"
MASFIN,EQ,MAS Financial Services Limited,20,"-"
MAXHEALTH,EQ,Max Healthcare Institute Limited,20,"-"
MAXIND,EQ,Max India Limited,20,"-"
MAXVIL,EQ,Max Ventures and Industries Limited,20,"-"
MAYURUNIQ,EQ,Mayur Uniquoters Ltd,20,"-"
MAZDA,EQ,Mazda Limited,20,"-"
MAZDOCK,EQ,Mazagon Dock Shipbuilders Limited,20,"-"
MCL,EQ,Madhav Copper Limited,20,"-"
MCX,EQ,Multi Commodity Exchange of India Limited,20,"-"
MEGH,EQ,Meghmani Organics Limited,20,"-"
MENONBE,EQ,Menon Bearings Limited,20,"-"
METROPOLIS,EQ,Metropolis Healthcare Limited,20,"-"
MGEL,SM,Mangalam Global Enterprise Limited,20,"-"
MHRIL,EQ,Mahindra Holidays & Resorts India Limited,20,"-"
MIDHANI,EQ,Mishra Dhatu Nigam Limited,20,"-"
MINDACORP,EQ,Minda Corporation Limited,20,"-"
MINDAIND,EQ,Minda Industries Limited,20,"-"
MINDSPACE,RR,Mindspace Business Parks REIT,20,"-"
MIRZAINT,EQ,Mirza International Limited,20,"-"
MMFL,EQ,MM Forgings Limited,20,"-"
MMNL,IT,MIG Media Neurons Limited,20,"-"
MMTC,EQ,MMTC Limited,20,"-"
MOIL,EQ,MOIL Limited,20,"-"
MOKSH,SM,Moksh Ornaments Limited,20,"-"
MOLDTECH,EQ,Mold-Tek Technologies Limited,20,"-"
MOLDTKPAC,EQ,Mold-Tek Packaging Limited,20,"-"
MONTECARLO,EQ,Monte Carlo Fashions Limited,20,"-"
MOREPENLAB,EQ,Morepen Laboratories Limited,20,"-"
MOTILALOFS,EQ,Motilal Oswal Financial Services Limited,20,"-"
MPHASIS,EQ,MphasiS Limited,20,"-"
MPSLTD,EQ,MPS Limited,20,"-"
MRPL,EQ,Mangalore Refinery and Petrochemicals Limited,20,"-"
MSTCLTD,EQ,Mstc Limited,20,"-"
MTEDUCARE,EQ,MT Educare Limited,20,"-"
MTNL,EQ,Mahanagar Telephone Nigam Limited,20,"-"
MUNJALAU,EQ,Munjal Auto Industries Limited,20,"-"
MUNJALSHOW,EQ,Munjal Showa Limited,20,"-"
MURUDCERA,EQ,Murudeshwar Ceramics Limited,20,"-"
MUTHOOTCAP,EQ,Muthoot Capital Services Limited,20,"-"
N100,EQ,Motilal Oswal Mutual Fund-Motilal Oswal MOSt Shares NASDAQ 100 ETF -GO,20,"-"
NACLIND,EQ,NACL Industries Limited,20,"-"
NAGREEKEXP,EQ,Nagreeka Exports Limited,20,"-"
NAHARCAP,EQ,Nahar Capital and Financial Services Limited,20,"-"
NAHARINDUS,EQ,Nahar Industrial Enterprises Limited,20,"-"
NAHARPOLY,EQ,Nahar Poly Films Limited,20,"-"
NAHARSPING,EQ,Nahar Spinning Mills Limited,20,"-"
NAM-INDIA,EQ,Nippon Life India Asset Management Limited,20,"-"
NATCOPHARM,EQ,Natco Pharma Limited,20,"-"
NATHBIOGEN,EQ,Nath Bio-Genes (India) Limited,20,"-"
NAVINFLUOR,EQ,Navin Fluorine International Limited,20,"-"
NAVKARCORP,EQ,Navkar Corporation Limited,20,"-"
NAVNETEDUL,EQ,Navneet Education Limited,20,"-"
NBCC,EQ,NBCC (India) Limited,20,"-"
NBIFIN,EQ,N. B. I. Industrial Finance Company Limited,20,"-"
NBVENTURES,EQ,Nava Bharat Ventures Limited,20,"-"
NCC,EQ,NCC Limited,20,"-"
NCLIND,EQ,NCL Industries Limited,20,"-"
NDGL,EQ,Naga Dhunseri Group Limited,20,"-"
NECLIFE,EQ,Nectar Lifesciences Limited,20,"-"
NELCAST,EQ,Nelcast Limited,20,"-"
NELCO,EQ,NELCO Limited,20,"-"
NESCO,EQ,Nesco Limited,20,"-"
NETF,EQ,Tata Nifty Exchange Traded Fund,20,"-"
NETFCONSUM,EQ,NIPPON INDIA ETF CONSUMPTION,20,"-"
NETFDIVOPP,EQ,NIPPON INDIA ETF DIVIDEND OPPORTUNITIES,20,"-"
NETFIT,EQ,Nippon Life India Asset Management Limited,20,"-"
NETFLTGILT,EQ,NIPPON INDIA ETF LONG TERM GILT,20,"-"
NETFMID150,EQ,NIPPON INDIA ETF NIFTY MIDCAP 150,20,"-"
NETFNIF100,EQ,NIPPON INDIA ETF NIFTY 100,20,"-"
NETFNV20,EQ,NIPPON INDIA ETF NV20,20,"-"
NETWORK18,EQ,Network18 Media & Investments Limited,20,"-"
NEULANDLAB,EQ,Neuland Laboratories Limited,20,"-"
NEWGEN,EQ,Newgen Software Technologies Limited,20,"-"
NFL,EQ,National Fertilizers Limited,20,"-"
NH,EQ,Narayana Hrudayalaya Ltd.,20,"-"
NHPC,EQ,NHPC Limited,20,"-"
NIACL,EQ,The New India Assurance Company Limited,20,"-"
NIFTYBEES,EQ,NIPPON INDIA ETF NIFTY BEES,20,"-"
NIFTYEES,EQ,Edelweiss ETF - Nifty 50,20,"-"
NIITLTD,EQ,NIIT Limited,20,"-"
NILAINFRA,EQ,Nila Infrastructures Limited,20,"-"
NILKAMAL,EQ,Nilkamal Limited,20,"-"
NIPPOBATRY,EQ,Indo-National Limited,20,"-"
NITINSPIN,EQ,Nitin Spinners Limited,20,"-"
NLCINDIA,EQ,NLC India Limited,20,"-"
NOCIL,EQ,NOCIL Limited,20,"-"
NOVARTIND,EQ,Novartis India Limited,20,"-"
NPBET,EQ,Tata Nifty Private Bank Exchange Traded Fund,20,"-"
NRAIL,EQ,N R Agarwal Industries Limited,20,"-"
NRBBEARING,EQ,NRB Bearing Limited,20,"-"
NSIL,EQ,Nalwa Sons Investments Limited,20,"-"
NXTDIGITAL,EQ,NXTDIGITAL LIMITED,20,"-"
OAL,EQ,Oriental Aromatics Limited,20,"-"
OBEROIRLTY,EQ,Oberoi Realty Limited,20,"-"
OCCL,EQ,Oriental Carbon & Chemicals Limited,20,"-"
OFSS,EQ,Oracle Financial Services Software Limited,20,"-"
OIL,EQ,Oil India Limited,20,"-"
OLECTRA,EQ,Olectra Greentech Limited,20,"-"
OMAXAUTO,EQ,Omax Autos Limited,20,"-"
ONWARDTEC,EQ,Onward Technologies Limited,20,"-"
ORBTEXP,EQ,Orbit Exports Limited,20,"-"
ORICONENT,EQ,Oricon Enterprises Limited,20,"-"
ORIENTABRA,EQ,Orient Abrasives Limited,20,"-"
ORIENTBELL,EQ,Orient Bell Limited,20,"-"
ORIENTCEM,EQ,Orient Cement Limited,20,"-"
ORIENTELEC,EQ,Orient Electric Limited,20,"-"
ORIENTPPR,EQ,Orient Paper & Industries Limited,20,"-"
ORIENTREF,EQ,Orient Refractories Limited,20,"-"
ORISSAMINE,EQ,The Orissa Minerals Development Company Limited,20,"-"
OSEINTRUST,IV,Oriental InfraTrust,20,"-"
OSIAHYPER,SM,Osia Hyper Retail Limited,20,"-"
PAISALO,EQ,Paisalo Digital Limited,20,"-"
PANACEABIO,EQ,Panacea Biotec Limited,20,"-"
PANAMAPET,EQ,Panama Petrochem Limited,20,"-"
PAPERPROD,EQ,Huhtamaki PPL Limited,20,"-"
PAR,SM,Par Drugs And Chemicals Limited,20,"-"
PARACABLES,EQ,Paramount Communications Limited,20,"-"
PARAGMILK,EQ,Parag Milk Foods Limited,20,"-"
PARIN,SM,Parin Furniture Limited,20,"-"
PASHUPATI,SM,Pashupati Cotspin Limited,20,"-"
PATELENG,EQ,Patel Engineering Limited,20,"-"
PCJEWELLER,EQ,PC Jeweller Limited,20,"-"
PDMJEPAPER,EQ,Pudumjee Paper Products Limited,20,"-"
PDSMFL,EQ,PDS Multinational Fashions Limited,20,"-"
PENIND,EQ,Pennar Industries Limited,20,"-"
PERSISTENT,EQ,Persistent Systems Limited,20,"-"
PFIZER,EQ,Pfizer Limited,20,"-"
PFOCUS,EQ,Prime Focus Limited,20,"-"
PFS,EQ,PTC India Financial Services Limited,20,"-"
PGHH,EQ,Procter & Gamble Hygiene and Health Care Limited,20,"-"
PGHL,EQ,Procter & Gamble Health Limited,20,"-"
PGIL,EQ,Pearl Global Industries Limited,20,"-"
PHILIPCARB,EQ,Phillips Carbon Black Limited,20,"-"
PHOENIXLTD,EQ,The Phoenix Mills Limited,20,"-"
PIIND,EQ,PI Industries Limited,20,"-"
PILANIINVS,EQ,Pilani Investment and Industries Corporation Limited,20,"-"
PIONDIST,EQ,Pioneer Distilleries Limited,20,"-"
PIONEEREMB,EQ,Pioneer Embroideries Limited,20,"-"
PITTIENG,EQ,Pitti Engineering Limited,20,"-"
PLASTIBLEN,EQ,Plastiblends India Limited,20,"-"
PNBGILTS,EQ,PNB GILTS LTD.,20,"-"
PNBHOUSING,EQ,PNB Housing Finance Limited,20,"-"
PNC,EQ,Pritish Nandy Communications Limited,20,"-"
PNCINFRA,EQ,PNC Infratech Limited,20,"-"
PODDARHOUS,EQ,Poddar Housing and Development Limited,20,"-"
PODDARMENT,EQ,Poddar Pigments Limited,20,"-"
POLYCAB,EQ,Polycab India Limited,20,"-"
POLYMED,EQ,Poly Medicure Limited,20,"-"
POLYPLEX,EQ,Polyplex Corporation Limited,20,"-"
PONNIERODE,EQ,Ponni Sugars (Erode) Limited,20,"-"
POWERINDIA,EQ,ABB Power Products and Systems India Limited,20,"-"
POWERMECH,EQ,Power Mech Projects Limited,20,"-"
PPL,EQ,Prakash Pipes Limited,20,"-"
PRABHAT,EQ,Prabhat Dairy Limited,20,"-"
PRAJIND,EQ,Praj Industries Limited,20,"-"
PRAKASH,EQ,Prakash Industries Limited,20,"-"
PRECAM,EQ,Precision Camshafts Limited,20,"-"
PRECWIRE,EQ,Precision Wires India Limited,20,"-"
PREMIERPOL,EQ,Premier Polyfilm Limited,20,"-"
PRESSMN,EQ,Pressman Advertising Limited,20,"-"
PRESTIGE,EQ,Prestige Estates Projects Limited,20,"-"
PRIMESECU,EQ,Prime Securities Limited,20,"-"
PRINCEPIPE,EQ,Prince Pipes And Fittings Limited,20,"-"
PRITI,SM,Priti International Limited,20,"-"
PRIVISCL,EQ,Privi Speciality Chemicals Limited,20,"-"
PRSMJOHNSN,EQ,Prism Johnson Limited,20,"-"
PSB,EQ,Punjab & Sind Bank,20,"-"
PSPPROJECT,EQ,PSP Projects Limited,20,"-"
PSUBNKBEES,EQ,NIPPON INDIA ETF PSU BANK BEES,20,"-"
PTC,EQ,PTC India Limited,20,"-"
PTL,EQ,PTL Enterprises Limited,20,"-"
PUNJABCHEM,EQ,Punjab Chemicals & Crop Protection Limited,20,"-"
PURVA,EQ,Puravankara Limited,20,"-"
QGOLDHALF,EQ,Quantum Gold Fund -Exchange Traded Fund (ETF),20,"-"
QNIFTY,EQ,Quantum Nifty ETF,20,"-"
QUESS,EQ,Quess Corp Limited,20,"-"
QUICKHEAL,EQ,Quick Heal Technologies Limited,20,"-"
RADICO,EQ,Radico Khaitan Limited,20,"-"
RADIOCITY,EQ,Music Broadcast Limited,20,"-"
RAIN,EQ,Rain Industries Limited,20,"-"
RAJESHEXPO,EQ,Rajesh Exports Limited,20,"-"
RAJMET,SM,Rajnandini Metal Limited,20,"-"
RAJRATAN,EQ,Rajratan Global Wire Limited,20,"-"
RAJTV,EQ,Raj Television Network Limited,20,"-"
RALLIS,EQ,Rallis India Limited,20,"-"
RAMANEWS,EQ,Shree Rama Newsprint Limited,20,"-"
RAMCOIND,EQ,Ramco Industries Limited,20,"-"
RAMKY,EQ,Ramky Infrastructure Limited,20,"-"
RANEENGINE,EQ,Rane Engine Valve Limited,20,"-"
RANEHOLDIN,EQ,Rane Holdings Limited,20,"-"
RATNAMANI,EQ,Ratnamani Metals & Tubes Limited,20,"-"
RAYMOND,EQ,Raymond Limited,20,"-"
RBL,EQ,Rane Brake Lining Limited,20,"-"
RCF,EQ,Rashtriya Chemicals and Fertilizers Limited,20,"-"
REDINGTON,EQ,Redington (India) Limited,20,"-"
REFEX,EQ,Refex Industries Limited,20,"-"
RELAXO,EQ,Relaxo Footwears Limited,20,"-"
RELIGARE,EQ,Religare Enterprises Limited,20,"-"
REPCOHOME,EQ,Repco Home Finance Limited,20,"-"
REPRO,EQ,Repro India Limited,20,"-"
RESPONIND,EQ,Responsive Industries Limited,20,"-"
REVATHI,EQ,Revathi Equipment Limited,20,"-"
RGL,EQ,Renaissance Global Limited,20,"-"
RICOAUTO,EQ,Rico Auto Industries Limited,20,"-"
RIIL,EQ,Reliance Industrial Infrastructure Limited,20,"-"
RITES,EQ,RITES Limited,20,"-"
RKEC,SM,RKEC Projects Limited,20,"-"
RKFORGE,EQ,Ramkrishna Forgings Limited,20,"-"
RML,EQ,Rane (Madras) Limited,20,"-"
ROSSARI,EQ,Rossari Biotech Limited,20,"-"
RPGLIFE,EQ,RPG Life Sciences Limited,20,"-"
RPOWER,EQ,Reliance Power Limited,20,"-"
RPPINFRA,EQ,R.P.P. Infra Projects Limited,20,"-"
RSYSTEMS,EQ,R Systems International Limited,20,"-"
RUBYMILLS,EQ,The Ruby Mills Limited,20,"-"
RUPA,EQ,Rupa & Company Limited,20,"-"
RUSHIL,EQ,Rushil Decor Limited,20,"-"
RUSHILPP,E1,Rushil Decor Limited,20,"-"
RVNL,EQ,Rail Vikas Nigam Limited,20,"-"
SADBHAV,EQ,Sadbhav Engineering Limited,20,"-"
SADBHIN,EQ,Sadbhav Infrastructure Project Limited,20,"-"
SAFARI,EQ,Safari Industries (India) Limited,20,"-"
SAGCEM,EQ,Sagar Cements Limited,20,"-"
SAKSOFT,EQ,Saksoft Limited,20,"-"
SALONA,EQ,Salona Cotspin Limited,20,"-"
SALZERELEC,EQ,Salzer Electronics Limited,20,"-"
SANCO,EQ,Sanco Industries Limited,20,"GSM Stage - 0"
SANDESH,EQ,The Sandesh Limited,20,"-"
SANDHAR,EQ,Sandhar Technologies Limited,20,"-"
SANGAMIND,EQ,Sangam (India) Limited,20,"-"
SANGHIIND,EQ,Sanghi Industries Limited,20,"-"
SANGHVIMOV,EQ,Sanghvi Movers Limited,20,"-"
SANGINITA,EQ,Sanginita Chemicals Limited,20,"-"
SANOFI,EQ,Sanofi India Limited,20,"-"
SARDAEN,EQ,Sarda Energy & Minerals Limited,20,"-"
SAREGAMA,EQ,Saregama India Limited,20,"-"
SARLAPOLY,EQ,Sarla Performance Fibers Limited,20,"-"
SASKEN,EQ,Sasken Technologies Limited,20,"-"
SASTASUNDR,EQ,Sastasundar Ventures Limited,20,"-"
SATIA,EQ,Satia Industries Limited,20,"-"
SBICARD,EQ,Sbi Cards And Payment Services Limited,20,"-"
SBIETFIT,EQ,SBI Mutual Fund-SBI ETF IT,20,"-"
SBIETFPB,EQ,SBI Mutual Fund - SBI ETF Private Bank - SBI ETF Private Bank,20,"-"
SBIETFQLTY,EQ,SBI Mutual Fund - SBI - ETF Quality - SBI-ETF Quality,20,"-"
SCHAEFFLER,EQ,Schaeffler India Limited,20,"-"
SCHNEIDER,EQ,Schneider Electric Infrastructure Limited,20,"-"
SCI,EQ,Shipping Corporation Of India Limited,20,"-"
SEAMECLTD,EQ,Seamec Limited,20,"-"
SECL,SM,Salasar Exteriors And Contour Limited,20,"-"
SELAN,EQ,Selan Exploration Technology Limited,20,"-"
SEQUENT,EQ,Sequent Scientific Limited,20,"-"
SESHAPAPER,EQ,Seshasayee Paper and Boards Limited,20,"-"
SETF10GILT,EQ,SBI Mutual Fund - SBI-ETF 10 YEAR GILT,20,"-"
SETFGOLD,EQ,SBI-ETF Gold,20,"-"
SETFNIF50,EQ,SBI-ETF Nifty 50,20,"-"
SETFNIFBK,EQ,SBI-ETF Nifty Bank,20,"-"
SETFNN50,EQ,SBI-ETF Nifty Next 50,20,"-"
SFL,EQ,Sheela Foam Limited,20,"-"
SHAIVAL,SM,Shaival Reality Limited,20,"-"
SHALBY,EQ,Shalby Limited,20,"-"
SHALPAINTS,EQ,Shalimar Paints Limited,20,"-"
SHANKARA,EQ,Shankara Building Products Limited,20,"-"
SHANTIGEAR,EQ,Shanthi Gears Limited,20,"-"
SHARDACROP,EQ,Sharda Cropchem Limited,20,"-"
SHARDAMOTR,EQ,Sharda Motor Industries Limited,20,"-"
SHAREINDIA,EQ,Share India Securities Limited,20,"-"
SHARIABEES,EQ,NIPPON INDIA ETF SHARIAH BEES,20,"-"
SHIL,EQ,Somany Home Innovation Limited,20,"-"
SHILPAMED,EQ,Shilpa Medicare Limited,20,"-"
SHIVAMILLS,EQ,Shiva Mills Limited,20,"-"
SHIVAUM,SM,Shiv Aum Steels Limited,20,"-"
SHK,EQ,S H Kelkar and Company Limited,20,"-"
SHOPERSTOP,EQ,Shoppers Stop Limited,20,"-"
SHREDIGCEM,EQ,Shree Digvijay Cement Co.Ltd,20,"-"
SHREYANIND,EQ,Shreyans Industries Limited,20,"-"
SHRIRAMCIT,EQ,Shriram City Union Finance Limited,20,"-"
SIGIND,EQ,Signet Industries Limited,20,"-"
SIKKO,SM,Sikko Industries Limited,20,"-"
SILGO,SM,Silgo Retail Limited,20,"-"
SILINV,EQ,SIL Investments Limited,20,"-"
SILVERTUC,SM,Silver Touch Technologies Limited,20,"-"
SIRCA,EQ,Sirca Paints India Limited,20,"-"
SIS,EQ,Security and Intelligence Services (India) Limited,20,"-"
SIYSIL,EQ,Siyaram Silk Mills Limited,20,"-"
SJVN,EQ,SJVN Limited,20,"-"
SKFINDIA,EQ,SKF India Limited,20,"-"
SKIPPER,EQ,Skipper Limited,20,"-"
SKMEGGPROD,EQ,SKM Egg Products Export (India) Limited,20,"-"
SMARTLINK,EQ,Smartlink Holdings Limited,20,"-"
SMLISUZU,EQ,SML Isuzu Limited,20,"-"
SMSPHARMA,EQ,SMS Pharmaceuticals Limited,20,"-"
SNOWMAN,EQ,Snowman Logistics Limited,20,"-"
SOBHA,EQ,Sobha Limited,20,"-"
SOLARA,EQ,Solara Active Pharma Sciences Limited,20,"-"
SOLARINDS,EQ,Solar Industries India Limited,20,"-"
SOLEX,SM,Solex Energy Limited,20,"-"
SOMANYCERA,EQ,Somany Ceramics Limited,20,"-"
SONAHISONA,SM,Sona Hi Sona Jewellers (Gujarat) Limited,20,"-"
SONAMCLOCK,SM,Sonam Clock Limited,20,"-"
SONATSOFTW,EQ,Sonata Software Limited,20,"-"
SOTL,EQ,Savita Oil Technologies Limited,20,"-"
SOUTHBANK,EQ,The South Indian Bank Limited,20,"-"
SPAL,EQ,S. P. Apparels Limited,20,"-"
SPANDANA,EQ,Spandana Sphoorty Financial Limited,20,"-"
SPARC,EQ,Sun Pharma Advanced Research Company Limited,20,"-"
SPECIALITY,EQ,Speciality Restaurants Limited,20,"-"
SPECTRUM,SM,Spectrum Electrical Industries Limited,20,"-"
SPENCERS,EQ,Spencer's Retail Limited,20,"-"
SPIC,EQ,Southern Petrochemicals Industries Corporation  Limited,20,"-"
SPICEJET,EQ,SPICEJET LTD,20,"-"
SPLIL,EQ,SPL Industries Limited,20,"-"
SREEL,EQ,Sreeleathers Limited,20,"-"
SREINFRA,EQ,SREI Infrastructure Finance Limited,20,"-"
SRHHYPOLTD,EQ,Sree Rayalaseema Hi-Strength Hypo Limited,20,"-"
SRPL,EQ,Shree Ram Proteins Limited,20,"-"
SSWL,EQ,Steel Strips Wheels Limited,20,"-"
STAR,EQ,Strides Pharma Science Limited,20,"-"
STARCEMENT,EQ,Star Cement Limited,20,"-"
STARPAPER,EQ,Star Paper Mills Limited,20,"-"
STEELCITY,EQ,Steel City Securities Limited,20,"-"
STEL,EQ,Stel Holdings Limited,20,"-"
STERTOOLS,EQ,Sterling Tools Limited,20,"-"
STRTECH,EQ,Sterlite Technologies Limited,20,"-"
SUBROS,EQ,Subros Limited,20,"-"
SUDARSCHEM,EQ,Sudarshan Chemical Industries Limited,20,"-"
SUMICHEM,EQ,Sumitomo Chemical India Limited,20,"-"
SUMMITSEC,EQ,Summit Securities Limited,20,"-"
SUNCLAYLTD,EQ,Sundaram Clayton Limited,20,"-"
SUNDARMFIN,EQ,Sundaram Finance Limited,20,"-"
SUNDARMHLD,EQ,Sundaram Finance Holdings Limited,20,"-"
SUNDRMBRAK,EQ,Sundaram Brake Linings Limited,20,"-"
SUNDRMFAST,EQ,Sundram Fasteners Limited,20,"-"
SUNFLAG,EQ,Sunflag Iron And Steel Company Limited,20,"-"
SUNTECK,EQ,Sunteck Realty Limited,20,"-"
SUPERHOUSE,EQ,Superhouse Limited,20,"-"
SUPPETRO,EQ,Supreme Petrochem Limited,20,"-"
SUPRAJIT,EQ,Suprajit Engineering Limited,20,"-"
SUPREMEIND,EQ,Supreme Industries Limited,20,"-"
SURANAT&P,EQ,Surana Telecom and Power Limited,20,"-"
SURYAROSNI,EQ,Surya Roshni Limited,20,"-"
SUTLEJTEX,EQ,Sutlej Textiles and Industries Limited,20,"-"
SUVEN,EQ,Suven Life Sciences Limited,20,"-"
SUVENPHAR,EQ,Suven Pharmaceuticals Limited,20,"-"
SVLL,SM,Shree Vasu Logistics Limited,20,"-"
SWANENERGY,EQ,Swan Energy Limited,20,"-"
SWARAJENG,EQ,Swaraj Engines Limited,20,"-"
SWSOLAR,EQ,Sterling And Wilson Solar Limited,20,"-"
SYMPHONY,EQ,Symphony Limited,20,"-"
SYNGENE,EQ,Syngene International Limited,20,"-"
TAINWALCHM,EQ,Tainwala Chemical and Plastic (I) Limited,20,"-"
TAJGVK,EQ,Taj GVK Hotels & Resorts Limited,20,"-"
TAKE,EQ,Take Solutions Limited,20,"-"
TALBROAUTO,EQ,Talbros Automotive Components Limited,20,"-"
TARACHAND,SM,Tara Chand Logistic Solutions Limited,20,"-"
TASTYBITE,EQ,Tasty Bite Eatables Limited,20,"-"
TATACOFFEE,EQ,Tata Coffee Limited,20,"-"
TATAELXSI,EQ,Tata Elxsi Limited,20,"-"
TATAINVEST,EQ,Tata Investment Corporation Limited,20,"-"
TATAMETALI,EQ,Tata Metaliks Limited,20,"-"
TATAMTRDVR,EQ,Tata Motors Limited,20,"-"
TATASTLBSL,EQ,Tata Steel Bsl Limited,20,"-"
TBZ,EQ,Tribhovandas Bhimji Zaveri Limited,20,"-"
TCI,EQ,Transport Corporation of India Limited,20,"-"
TCIDEVELOP,EQ,TCI Developers Limited,20,"-"
TCIEXP,EQ,TCI Express Limited,20,"-"
TCNSBRANDS,EQ,TCNS Clothing Co. Limited,20,"-"
TCPLPACK,EQ,TCPL Packaging Limited,20,"-"
TDPOWERSYS,EQ,TD Power Systems Limited,20,"-"
TEAMLEASE,EQ,Teamlease Services Limited,20,"-"
TECHNOE,EQ,Techno Electric & Engineering Company Limited,20,"-"
TEMBO,SM,Tembo Global Industries Limited,20,"-"
TERASOFT,EQ,Tera Software Limited,20,"-"
TEXINFRA,EQ,Texmaco Infrastructure & Holdings Limited,20,"-"
TEXMOPIPES,EQ,Texmo Pipes and Products Limited,20,"-"
TEXRAIL,EQ,Texmaco Rail & Engineering Limited,20,"-"
TFCILTD,EQ,Tourism Finance Corporation of India Limited,20,"-"
THANGAMAYL,EQ,Thangamayil Jewellery Limited,20,"-"
THEINVEST,EQ,The Investment Trust Of India Limited,20,"-"
THEMISMED,EQ,Themis Medicare Limited,20,"-"
THERMAX,EQ,Thermax Limited,20,"-"
THOMASCOOK,EQ,Thomas Cook  (India)  Limited,20,"-"
TIDEWATER,EQ,Tide Water Oil Company (India) Limited,20,"-"
TIIL,EQ,Technocraft Industries (India) Limited,20,"-"
TIINDIA,EQ,Tube Investments of India Limited,20,"-"
TIL,EQ,TIL Limited,20,"-"
TIMETECHNO,EQ,Time Technoplast Limited,20,"-"
TIMKEN,EQ,Timken India Limited,20,"-"
TINPLATE,EQ,The Tinplate Company of India Limited,20,"-"
TIRUMALCHM,EQ,Thirumalai Chemicals Limited,20,"-"
TNPETRO,EQ,Tamilnadu PetroProducts Limited,20,"-"
TNPL,EQ,Tamil Nadu Newsprint & Papers Limited,20,"-"
TOKYOPLAST,EQ,Tokyo Plast International Limited,20,"-"
TPLPLASTEH,EQ,TPL Plastech Limited,20,"-"
TRENT,EQ,Trent Limited,20,"-"
TRIDENT,EQ,Trident Limited,20,"-"
TRIL,EQ,Transformers And Rectifiers (India) Limited,20,"-"
TRITURBINE,EQ,Triveni Turbine Limited,20,"-"
TRIVENI,EQ,Triveni Engineering & Industries Limited,20,"-"
TTKHLTCARE,EQ,TTK Healthcare Limited,20,"-"
TTKPRESTIG,EQ,TTK Prestige Limited,20,"-"
TTL,EQ,T T Limited,20,"-"
TV18BRDCST,EQ,TV18 Broadcast Limited,20,"-"
TVSSRICHAK,EQ,TVS Srichakra Limited,20,"-"
TVTODAY,EQ,TV Today Network Limited,20,"-"
TWL,EQ,Titagarh Wagons Limited,20,"-"
UCALFUEL,EQ,Ucal Fuel Systems Limited,20,"-"
UCL,SM,Ushanti Colour Chem Limited,20,"-"
UCOBANK,EQ,UCO Bank,20,"-"
UFLEX,EQ,UFLEX Limited,20,"-"
UFO,EQ,UFO Moviez India Limited,20,"-"
UGARSUGAR,EQ,The Ugar Sugar Works Limited,20,"-"
UJJIVAN,EQ,Ujjivan Financial Services Limited,20,"-"
UJJIVANSFB,EQ,Ujjivan Small Finance Bank Limited,20,"-"
UNICHEMLAB,EQ,Unichem Laboratories Limited,20,"-"
UNIENTER,EQ,Uniphos Enterprises Limited,20,"-"
UNIONBANK,EQ,Union Bank of India,20,"-"
UNITEDTEA,EQ,The United Nilgiri Tea Estates Company Limited,20,"-"
UNIVASTU,EQ,Univastu India Limited,20,"-"
UNIVCABLES,EQ,Universal Cables Limited,20,"-"
URAVI,SM,Uravi T and Wedge Lamps Limited,20,"-"
USHAMART,EQ,Usha Martin Limited,20,"-"
UTIAMC,EQ,UTI Asset Management Company Limited,20,"-"
UTIBANKETF,EQ,UTI Mutual Fund - UTI Bank Exchange Traded Fund,20,"-"
UTINEXT50,EQ,UTI Mutual Fund - UTI NIfty Next 50 Exchange Traded Fund - UTI NIFTY N,20,"-"
UTINIFTETF,EQ,UTI Mutual Fund - UTI-Nifty Exchange Traded Fund,20,"-"
UTISENSETF,EQ,UTI Mutual Fund - UTI-Sensex Exchange Traded Fund,20,"-"
UTISXN50,EQ,UTI S&P BSE Sensex Next 50 ETF,20,"-"
UTTAMSUGAR,EQ,Uttam Sugar Mills Limited,20,"-"
VADILALIND,EQ,Vadilal Industries Limited,20,"-"
VAIBHAVGBL,EQ,Vaibhav Global Limited,20,"-"
VAISHALI,EQ,Vaishali Pharma Limited,20,"-"
VAKRANGEE,EQ,Vakrangee Limited,20,"-"
VALIANTORG,EQ,Valiant Organics Limited,20,"-"
VARDHACRLC,EQ,Vardhman Acrylics Limited,20,"-"
VARROC,EQ,Varroc Engineering Limited,20,"-"
VASCONEQ,EQ,Vascon Engineers Limited,20,"-"
VBL,EQ,Varun Beverages Limited,20,"-"
VCL,SM,Vaxtex Cotfab Limited,20,"-"
VENKEYS,EQ,Venky's (India) Limited,20,"-"
VESUVIUS,EQ,Vesuvius India Limited,20,"-"
VETO,EQ,Veto Switchgears And Cables Limited,20,"-"
VGUARD,EQ,V-Guard Industries Limited,20,"-"
VHL,EQ,Vardhman Holdings Limited,20,"-"
VINATIORGA,EQ,Vinati Organics Limited,20,"-"
VINDHYATEL,EQ,Vindhya Telelinks Limited,20,"-"
VINNY,SM,Vinny Overseas Limited,20,"-"
VINYLINDIA,EQ,Vinyl Chemicals (India) Limited,20,"-"
VIPIND,EQ,VIP Industries Limited,20,"-"
VIPULLTD,EQ,Vipul Limited,20,"-"
VISAKAIND,EQ,Visaka Industries Limited,20,"-"
VISHWARAJ,EQ,Vishwaraj Sugar Industries Limited,20,"-"
VLSFINANCE,EQ,VLS Finance Limited,20,"-"
VMART,EQ,V-Mart Retail Limited,20,"-"
VOLTAMP,EQ,Voltamp Transformers Limited,20,"-"
VRLLOG,EQ,VRL Logistics Limited,20,"-"
VSTIND,EQ,VST Industries Limited,20,"-"
VSTTILLERS,EQ,V.S.T Tillers Tractors Limited,20,"-"
VTL,EQ,Vardhman Textiles Limited,20,"-"
WABAG,EQ,VA Tech Wabag Limited,20,"-"
WABCOINDIA,EQ,WABCO India Limited,20,"-"
WATERBASE,EQ,Waterbase Limited,20,"-"
WELCORP,EQ,Welspun Corp Limited,20,"-"
WELENT,EQ,Welspun Enterprises Limited,20,"-"
WENDT,EQ,Wendt (India) Limited,20,"-"
WESTLIFE,EQ,Westlife Development Ltd,20,"-"
WHEELS,EQ,Wheels India Limited,20,"-"
WHIRLPOOL,EQ,Whirlpool of India Limited,20,"-"
WOCKPHARMA,EQ,Wockhardt Limited,20,"-"
WONDERLA,EQ,Wonderla Holidays Limited,20,"-"
WORTH,EQ,Worth Peripherals Limited,20,"-"
WSTCSTPAPR,EQ,West Coast Paper Mills Limited,20,"-"
XCHANGING,EQ,Xchanging Solutions Limited,20,"-"
ZEELEARN,EQ,Zee Learn Limited,20,"-"
ZENSARTECH,EQ,Zensar Technologies Limited,20,"-"
ZENTEC,EQ,Zen Technologies Limited,20,"-"
ZODIACLOTH,EQ,Zodiac Clothing Company Limited,20,"-"
ZOTA,EQ,Zota Health Care LImited,20,"-"
ZUARIGLOB,EQ,Zuari Global Limited,20,"-"
ZYDUSWELL,EQ,Zydus Wellness Limited,20,"-"
ACC,EQ,ACC Limited,No Band,"-"
ADANIENT,EQ,Adani Enterprises Limited,No Band,"-"
ADANIPORTS,EQ,Adani Ports and Special Economic Zone Limited,No Band,"-"
AMARAJABAT,EQ,Amara Raja Batteries Limited,No Band,"-"
AMBUJACEM,EQ,Ambuja Cements Limited,No Band,"-"
APOLLOHOSP,EQ,Apollo Hospitals Enterprise Limited,No Band,"-"
APOLLOTYRE,EQ,Apollo Tyres Limited,No Band,"-"
ASHOKLEY,EQ,Ashok Leyland Limited,No Band,"-"
ASIANPAINT,EQ,Asian Paints Limited,No Band,"-"
AUROPHARMA,EQ,Aurobindo Pharma Limited,No Band,"-"
AXISBANK,EQ,Axis Bank Limited,No Band,"-"
BAJAJ-AUTO,EQ,Bajaj Auto Limited,No Band,"-"
BAJAJFINSV,EQ,Bajaj Finserv Limited,No Band,"-"
BAJFINANCE,EQ,Bajaj Finance Limited,No Band,"-"
BALKRISIND,EQ,Balkrishna Industries Limited,No Band,"-"
BANDHANBNK,EQ,Bandhan Bank Limited,No Band,"-"
BANKBARODA,EQ,Bank Of Baroda,No Band,"-"
BATAINDIA,EQ,Bata India Limited,No Band,"-"
BEL,EQ,Bharat Electronics Limited,No Band,"-"
BERGEPAINT,EQ,Berger Paints (I) Limited,No Band,"-"
BHARATFORG,EQ,Bharat Forge Limited,No Band,"-"
BHARTIARTL,EQ,Bharti Airtel Limited,No Band,"-"
BHEL,EQ,Bharat Heavy Electricals Limited,No Band,"-"
BIOCON,EQ,Biocon Limited,No Band,"-"
BOSCHLTD,EQ,Bosch Limited,No Band,"-	"
BPCL,EQ,Bharat Petroleum Corporation Limited,No Band,"-"
BRITANNIA,EQ,Britannia Industries Limited,No Band,"-"
CADILAHC,EQ,Cadila Healthcare Limited,No Band,"-"
CANBK,EQ,Canara Bank,No Band,"-"
CHOLAFIN,EQ,Cholamandalam Investment and Finance Company Limited,No Band,"-"
CIPLA,EQ,Cipla Limited,No Band,"-"
COALINDIA,EQ,Coal India Limited,No Band,"-"
COFORGE,EQ,Coforge Limited,No Band,"-"
COLPAL,EQ,Colgate Palmolive (India) Limited,No Band,"-"
CONCOR,EQ,Container Corporation Of India Limited,No Band,"-"
CUMMINSIND,EQ,Cummins India Limited,No Band,"-"
DABUR,EQ,Dabur India Limited,No Band,"-"
DIVISLAB,EQ,Divi's Laboratories Limited,No Band,"-"
DLF,EQ,DLF Limited,No Band,"-"
DRREDDY,EQ,Dr. Reddy's Laboratories Limited,No Band,"-"
EICHERMOT,EQ,Eicher Motors Limited,No Band,"-"
ESCORTS,EQ,Escorts Limited,No Band,"-"
EXIDEIND,EQ,Exide Industries Limited,No Band,"-"
FEDERALBNK,EQ,The Federal Bank  Limited,No Band,"-"
GAIL,EQ,GAIL (India) Limited,No Band,"-"
GLENMARK,EQ,Glenmark Pharmaceuticals Limited,No Band,"-"
GMRINFRA,EQ,GMR Infrastructure Limited,No Band,"-"
GODREJCP,EQ,Godrej Consumer Products Limited,No Band,"-"
GODREJPROP,EQ,Godrej Properties Limited,No Band,"-"
GRASIM,EQ,Grasim Industries Limited,No Band,"-"
HAVELLS,EQ,Havells India Limited,No Band,"-"
HCLTECH,EQ,HCL Technologies Limited,No Band,"-"
HDFC,EQ,Housing Development Finance Corporation Limited,No Band,"-"
HDFC,W3,Housing Development Finance Corporation Limited,No Band,"-"
HDFCBANK,EQ,HDFC Bank Limited,No Band,"-"
HDFCLIFE,EQ,HDFC Life Insurance Company Limited,No Band,"-"
HEROMOTOCO,EQ,Hero MotoCorp Limited,No Band,"-"
HINDALCO,EQ,Hindalco Industries Limited,No Band,"-"
HINDPETRO,EQ,Hindustan Petroleum Corporation Limited,No Band,"-"
HINDUNILVR,EQ,Hindustan Unilever Limited,No Band,"-"
IBULHSGFIN,EQ,Indiabulls Housing Finance Limited,No Band,"-"
IBULHSGFIN,W1,Indiabulls Housing Finance Limited,No Band,"-"
ICICIBANK,EQ,ICICI Bank Limited,No Band,"-"
ICICIPRULI,EQ,ICICI Prudential Life Insurance Company Limited,No Band,"-"
IDEA,EQ,Vodafone Idea Limited,No Band,"-"
IDFCFIRSTB,EQ,IDFC First Bank Limited,No Band,"-"
IGL,EQ,Indraprastha Gas Limited,No Band,"-"
INDIGO,EQ,InterGlobe Aviation Limited,No Band,"-"
INDUSINDBK,EQ,Indusind Bank Limited,No Band,"-"
INFRATEL,EQ,Bharti Infratel Limited,No Band,"-"
INFY,EQ,Infosys Limited,No Band,"-"
IOC,EQ,Indian Oil Corporation Limited,No Band,"-"
ITC,EQ,ITC Limited,No Band,"-"
JINDALSTEL,EQ,Jindal Steel & Power Limited,No Band,"-"
JSWSTEEL,EQ,JSW Steel Limited,No Band,"-"
JUBLFOOD,EQ,Jubilant Foodworks Limited,No Band,"-"
KOTAKBANK,EQ,Kotak Mahindra Bank Limited,No Band,"-"
LICHSGFIN,EQ,LIC Housing Finance Limited,No Band,"-"
LT,EQ,Larsen & Toubro Limited,No Band,"-"
L&TFH,EQ,L&T Finance Holdings Limited,No Band,"-"
LUPIN,EQ,Lupin Limited,No Band,"-"
MANAPPURAM,EQ,Manappuram Finance Limited,No Band,"-"
MARICO,EQ,Marico Limited,No Band,"-"
MARUTI,EQ,Maruti Suzuki India Limited,No Band,"-"
MCDOWELL-N,EQ,United Spirits Limited,No Band,"-"
MFSL,EQ,Max Financial Services Limited,No Band,"-"
MGL,EQ,Mahanagar Gas Limited,No Band,"-"
MINDTREE,EQ,MindTree Limited,No Band,"-"
M&M,EQ,Mahindra & Mahindra Limited,No Band,"-"
M&MFIN,EQ,Mahindra & Mahindra Financial Services Limited,No Band,"-"
MOTHERSUMI,EQ,Motherson Sumi Systems Limited,No Band,"-"
MRF,EQ,MRF Limited,No Band,"-"
MUTHOOTFIN,EQ,Muthoot Finance Limited,No Band,"-"
NATIONALUM,EQ,National Aluminium Company Limited,No Band,"-"
NAUKRI,EQ,Info Edge (India) Limited,No Band,"-"
NESTLEIND,EQ,Nestle India Limited,No Band,"-"
NMDC,EQ,NMDC Limited,No Band,"-"
NTPC,EQ,NTPC Limited,No Band,"-"
ONGC,EQ,Oil & Natural Gas Corporation Limited,No Band,"-"
PAGEIND,EQ,Page Industries Limited,No Band,"-"
PEL,EQ,Piramal Enterprises Limited,No Band,"-"
PETRONET,EQ,Petronet LNG Limited,No Band,"-"
PFC,EQ,Power Finance Corporation Limited,No Band,"-"
PIDILITIND,EQ,Pidilite Industries Limited,No Band,"-"
PNB,EQ,Punjab National Bank,No Band,"-"
POWERGRID,EQ,Power Grid Corporation of India Limited,No Band,"-"
PVR,EQ,PVR Limited,No Band,"-"
RAMCOCEM,EQ,The Ramco Cements Limited,No Band,"-"
RBLBANK,EQ,RBL Bank Limited,No Band,"-"
RECLTD,EQ,REC Limited,No Band,"-"
RELIANCE,EQ,Reliance Industries Limited,No Band,"-"
RELIANCEPP,E1,Reliance Industries Limited,No Band,"-"
SAIL,EQ,Steel Authority of India Limited,No Band,"-"
SBILIFE,EQ,SBI Life Insurance Company Limited,No Band,"-"
SBIN,EQ,State Bank Of India,No Band,"-"
SHREECEM,EQ,SHREE CEMENT LIMITED,No Band,"-"
SIEMENS,EQ,Siemens Limited,No Band,"-"
SRF,EQ,SRF Limited,No Band,"-"
SRTRANSFIN,EQ,Shriram Transport Finance Company Limited,No Band,"-"
SUNPHARMA,EQ,Sun Pharmaceutical Industries Limited,No Band,"-"
SUNTV,EQ,Sun TV Network Limited,No Band,"-"
TATACHEM,EQ,Tata Chemicals Limited,No Band,"-"
TATACONSUM,EQ,TATA CONSUMER PRODUCTS LIMITED,No Band,"-"
TATAMOTORS,EQ,Tata Motors Limited,No Band,"-"
TATAPOWER,EQ,Tata Power Company Limited,No Band,"-"
TATASTEEL,EQ,Tata Steel Limited,No Band,"-"
TATASTLPP,E1,Tata Steel Limited,No Band,"-"
TCS,EQ,Tata Consultancy Services Limited,No Band,"-"
TECHM,EQ,Tech Mahindra Limited,No Band,"-"
TITAN,EQ,Titan Company Limited,No Band,"-"
TORNTPHARM,EQ,Torrent Pharmaceuticals Limited,No Band,"-"
TORNTPOWER,EQ,Torrent Power Limited,No Band,"-"
TVSMOTOR,EQ,TVS Motor Company Limited,No Band,"-"
UBL,EQ,United Breweries Limited,No Band,"-"
ULTRACEMCO,EQ,UltraTech Cement Limited,No Band,"-"
UPL,EQ,UPL Limited,No Band,"-"
VEDL,EQ,Vedanta Limited,No Band,"-"
VOLTAS,EQ,Voltas Limited,No Band,"-"
WIPRO,EQ,Wipro Limited,No Band,"-"
ZEEL,EQ,Zee Entertainment Enterprises Limited,No Band,"-"
